datetime,price_eur_mwh,action,energy_kwh,revenue_eur,soc,cumulative_revenue_eur,cumulative_charged_kwh,cumulative_discharged_kwh
2026-04-25 00:00:00+00:00,102.02,HOLD,0.0,0.0,50.0,0.0,0.0,0.0
2026-04-25 00:15:00+00:00,100.7,HOLD,0.0,0.0,50.0,0.0,0.0,0.0
2026-04-25 00:30:00+00:00,98.3,HOLD,0.0,0.0,50.0,0.0,0.0,0.0
2026-04-25 00:45:00+00:00,104.6,HOLD,0.0,0.0,50.0,0.0,0.0,0.0
2026-04-25 01:00:00+00:00,112.31,HOLD,0.0,0.0,50.0,0.0,0.0,0.0
2026-04-25 01:15:00+00:00,110.0,HOLD,0.0,0.0,50.0,0.0,0.0,0.0
2026-04-25 01:30:00+00:00,107.91,HOLD,0.0,0.0,50.0,0.0,0.0,0.0
2026-04-25 01:45:00+00:00,102.49,HOLD,0.0,0.0,50.0,0.0,0.0,0.0
2026-04-25 02:00:00+00:00,88.52,HOLD,0.0,0.0,50.0,0.0,0.0,0.0
2026-04-25 02:15:00+00:00,89.09,HOLD,0.0,0.0,50.0,0.0,0.0,0.0
2026-04-25 02:30:00+00:00,88.98,HOLD,0.0,0.0,50.0,0.0,0.0,0.0
2026-04-25 02:45:00+00:00,88.49,HOLD,0.0,0.0,50.0,0.0,0.0,0.0
2026-04-25 03:00:00+00:00,86.01,HOLD,0.0,0.0,50.0,0.0,0.0,0.0
2026-04-25 03:15:00+00:00,87.02,HOLD,0.0,0.0,50.0,0.0,0.0,0.0
2026-04-25 03:30:00+00:00,89.19,HOLD,0.0,0.0,50.0,0.0,0.0,0.0
2026-04-25 03:45:00+00:00,90.72,HOLD,0.0,0.0,50.0,0.0,0.0,0.0
2026-04-25 04:00:00+00:00,89.05,HOLD,0.0,0.0,50.0,0.0,0.0,0.0
2026-04-25 04:15:00+00:00,92.64,HOLD,0.0,0.0,50.0,0.0,0.0,0.0
2026-04-25 04:30:00+00:00,90.65,HOLD,0.0,0.0,50.0,0.0,0.0,0.0
2026-04-25 04:45:00+00:00,90.97,HOLD,0.0,0.0,50.0,0.0,0.0,0.0
2026-04-25 05:00:00+00:00,111.47,HOLD,0.0,0.0,50.0,0.0,0.0,0.0
2026-04-25 05:15:00+00:00,91.11,HOLD,0.0,0.0,50.0,0.0,0.0,0.0
2026-04-25 05:30:00+00:00,68.37,HOLD,0.0,0.0,50.0,0.0,0.0,0.0
2026-04-25 05:45:00+00:00,66.73,HOLD,0.0,0.0,50.0,0.0,0.0,0.0
2026-04-25 06:00:00+00:00,213.69,DISCHARGE,1.25,0.26711250000000003,36.979166666666664,0.26711250000000003,0.0,1.25
2026-04-25 06:15:00+00:00,85.45,HOLD,0.0,0.0,36.979166666666664,0.26711250000000003,0.0,1.25
2026-04-25 06:30:00+00:00,50.65,HOLD,0.0,0.0,36.979166666666664,0.26711250000000003,0.0,1.25
2026-04-25 06:45:00+00:00,4.89,CHARGE,1.25,-0.0061125,48.979166666666664,0.261,1.25,1.25
2026-04-25 07:00:00+00:00,64.56,HOLD,0.0,0.0,48.979166666666664,0.261,1.25,1.25
2026-04-25 07:15:00+00:00,15.41,CHARGE,1.25,-0.019262500000000002,60.979166666666664,0.2417375,2.5,1.25
2026-04-25 07:30:00+00:00,0.04,CHARGE,1.25,-5e-05,72.97916666666666,0.2416875,3.75,1.25
2026-04-25 07:45:00+00:00,-0.25,CHARGE (NEGATIVE),1.25,0.0003125,84.97916666666666,0.242,5.0,1.25
2026-04-25 08:00:00+00:00,0.01,CHARGE,1.25,-1.25e-05,96.97916666666666,0.2419875,6.25,1.25
2026-04-25 08:15:00+00:00,-1.34,CHARGE (NEGATIVE),0.31467013888888956,0.000421657986111112,100.0,0.2424091579861111,6.564670138888889,1.25
2026-04-25 08:30:00+00:00,-4.93,HOLD,0.0,0.0,100.0,0.2424091579861111,6.564670138888889,1.25
2026-04-25 08:45:00+00:00,-14.49,HOLD,0.0,0.0,100.0,0.2424091579861111,6.564670138888889,1.25
2026-04-25 09:00:00+00:00,-15.03,HOLD,0.0,0.0,100.0,0.2424091579861111,6.564670138888889,1.25
2026-04-25 09:15:00+00:00,-30.0,HOLD,0.0,0.0,100.0,0.2424091579861111,6.564670138888889,1.25
2026-04-25 09:30:00+00:00,-51.37,HOLD,0.0,0.0,100.0,0.2424091579861111,6.564670138888889,1.25
2026-04-25 09:45:00+00:00,-71.93,HOLD,0.0,0.0,100.0,0.2424091579861111,6.564670138888889,1.25
2026-04-25 10:00:00+00:00,-70.13,HOLD,0.0,0.0,100.0,0.2424091579861111,6.564670138888889,1.25
2026-04-25 10:15:00+00:00,-89.64,HOLD,0.0,0.0,100.0,0.2424091579861111,6.564670138888889,1.25
2026-04-25 10:30:00+00:00,-109.48,HOLD,0.0,0.0,100.0,0.2424091579861111,6.564670138888889,1.25
2026-04-25 10:45:00+00:00,-131.21,HOLD,0.0,0.0,100.0,0.2424091579861111,6.564670138888889,1.25
2026-04-25 11:00:00+00:00,-129.46,HOLD,0.0,0.0,100.0,0.2424091579861111,6.564670138888889,1.25
2026-04-25 11:15:00+00:00,-182.57,HOLD,0.0,0.0,100.0,0.2424091579861111,6.564670138888889,1.25
2026-04-25 11:30:00+00:00,-189.43,HOLD,0.0,0.0,100.0,0.2424091579861111,6.564670138888889,1.25
2026-04-25 11:45:00+00:00,-200.83,HOLD,0.0,0.0,100.0,0.2424091579861111,6.564670138888889,1.25
2026-04-25 12:00:00+00:00,-194.76,HOLD,0.0,0.0,100.0,0.2424091579861111,6.564670138888889,1.25
2026-04-25 12:15:00+00:00,-192.47,HOLD,0.0,0.0,100.0,0.2424091579861111,6.564670138888889,1.25
2026-04-25 12:30:00+00:00,-189.87,HOLD,0.0,0.0,100.0,0.2424091579861111,6.564670138888889,1.25
2026-04-25 12:45:00+00:00,-182.18,HOLD,0.0,0.0,100.0,0.2424091579861111,6.564670138888889,1.25
2026-04-25 13:00:00+00:00,-166.51,HOLD,0.0,0.0,100.0,0.2424091579861111,6.564670138888889,1.25
2026-04-25 13:15:00+00:00,-153.37,HOLD,0.0,0.0,100.0,0.2424091579861111,6.564670138888889,1.25
2026-04-25 13:30:00+00:00,-119.93,HOLD,0.0,0.0,100.0,0.2424091579861111,6.564670138888889,1.25
2026-04-25 13:45:00+00:00,-93.47,HOLD,0.0,0.0,100.0,0.2424091579861111,6.564670138888889,1.25
2026-04-25 14:00:00+00:00,-93.38,HOLD,0.0,0.0,100.0,0.2424091579861111,6.564670138888889,1.25
2026-04-25 14:15:00+00:00,-66.64,HOLD,0.0,0.0,100.0,0.2424091579861111,6.564670138888889,1.25
2026-04-25 14:30:00+00:00,-38.41,HOLD,0.0,0.0,100.0,0.2424091579861111,6.564670138888889,1.25
2026-04-25 14:45:00+00:00,-15.75,HOLD,0.0,0.0,100.0,0.2424091579861111,6.564670138888889,1.25
2026-04-25 15:00:00+00:00,-11.75,HOLD,0.0,0.0,100.0,0.2424091579861111,6.564670138888889,1.25
2026-04-25 15:15:00+00:00,-3.03,HOLD,0.0,0.0,100.0,0.2424091579861111,6.564670138888889,1.25
2026-04-25 15:30:00+00:00,-0.56,HOLD,0.0,0.0,100.0,0.2424091579861111,6.564670138888889,1.25
2026-04-25 15:45:00+00:00,1.95,HOLD,0.0,0.0,100.0,0.2424091579861111,6.564670138888889,1.25
2026-04-25 16:00:00+00:00,0.02,HOLD,0.0,0.0,100.0,0.2424091579861111,6.564670138888889,1.25
2026-04-25 16:15:00+00:00,16.68,HOLD,0.0,0.0,100.0,0.2424091579861111,6.564670138888889,1.25
2026-04-25 16:30:00+00:00,57.15,HOLD,0.0,0.0,100.0,0.2424091579861111,6.564670138888889,1.25
2026-04-25 16:45:00+00:00,115.63,HOLD,0.0,0.0,100.0,0.2424091579861111,6.564670138888889,1.25
2026-04-25 17:00:00+00:00,55.84,HOLD,0.0,0.0,100.0,0.2424091579861111,6.564670138888889,1.25
2026-04-25 17:15:00+00:00,86.39,HOLD,0.0,0.0,100.0,0.2424091579861111,6.564670138888889,1.25
2026-04-25 17:30:00+00:00,90.57,HOLD,0.0,0.0,100.0,0.2424091579861111,6.564670138888889,1.25
2026-04-25 17:45:00+00:00,128.65,HOLD,0.0,0.0,100.0,0.2424091579861111,6.564670138888889,1.25
2026-04-25 18:00:00+00:00,79.91,HOLD,0.0,0.0,100.0,0.2424091579861111,6.564670138888889,1.25
2026-04-25 18:15:00+00:00,92.11,HOLD,0.0,0.0,100.0,0.2424091579861111,6.564670138888889,1.25
2026-04-25 18:30:00+00:00,108.14,HOLD,0.0,0.0,100.0,0.2424091579861111,6.564670138888889,1.25
2026-04-25 18:45:00+00:00,119.62,HOLD,0.0,0.0,100.0,0.2424091579861111,6.564670138888889,1.25
2026-04-25 19:00:00+00:00,125.0,HOLD,0.0,0.0,100.0,0.2424091579861111,6.564670138888889,1.25
2026-04-25 19:15:00+00:00,105.66,HOLD,0.0,0.0,100.0,0.2424091579861111,6.564670138888889,1.25
2026-04-25 19:30:00+00:00,97.38,HOLD,0.0,0.0,100.0,0.2424091579861111,6.564670138888889,1.25
2026-04-25 19:45:00+00:00,74.62,HOLD,0.0,0.0,100.0,0.2424091579861111,6.564670138888889,1.25
2026-04-25 20:00:00+00:00,115.79,HOLD,0.0,0.0,100.0,0.2424091579861111,6.564670138888889,1.25
2026-04-25 20:15:00+00:00,97.14,HOLD,0.0,0.0,100.0,0.2424091579861111,6.564670138888889,1.25
2026-04-25 20:30:00+00:00,100.59,HOLD,0.0,0.0,100.0,0.2424091579861111,6.564670138888889,1.25
2026-04-25 20:45:00+00:00,80.99,HOLD,0.0,0.0,100.0,0.2424091579861111,6.564670138888889,1.25
2026-04-25 21:00:00+00:00,111.32,HOLD,0.0,0.0,100.0,0.2424091579861111,6.564670138888889,1.25
2026-04-25 21:15:00+00:00,98.3,HOLD,0.0,0.0,100.0,0.2424091579861111,6.564670138888889,1.25
2026-04-25 21:30:00+00:00,88.84,HOLD,0.0,0.0,100.0,0.2424091579861111,6.564670138888889,1.25
2026-04-25 21:45:00+00:00,78.07,HOLD,0.0,0.0,100.0,0.2424091579861111,6.564670138888889,1.25
2026-04-25 22:00:00+00:00,85.3,HOLD,0.0,0.0,100.0,0.2424091579861111,6.564670138888889,1.25
2026-04-25 22:15:00+00:00,83.9,HOLD,0.0,0.0,100.0,0.2424091579861111,6.564670138888889,1.25
2026-04-25 22:30:00+00:00,86.43,HOLD,0.0,0.0,100.0,0.2424091579861111,6.564670138888889,1.25
2026-04-25 22:45:00+00:00,85.14,HOLD,0.0,0.0,100.0,0.2424091579861111,6.564670138888889,1.25
2026-04-25 23:00:00+00:00,79.66,HOLD,0.0,0.0,100.0,0.2424091579861111,6.564670138888889,1.25
2026-04-25 23:15:00+00:00,80.14,HOLD,0.0,0.0,100.0,0.2424091579861111,6.564670138888889,1.25
2026-04-25 23:30:00+00:00,84.65,HOLD,0.0,0.0,100.0,0.2424091579861111,6.564670138888889,1.25
2026-04-25 23:45:00+00:00,82.36,HOLD,0.0,0.0,100.0,0.2424091579861111,6.564670138888889,1.25
2026-04-26 00:00:00+00:00,100.0,HOLD,0.0,0.0,100.0,0.2424091579861111,6.564670138888889,1.25
2026-04-26 00:15:00+00:00,105.35,HOLD,0.0,0.0,100.0,0.2424091579861111,6.564670138888889,1.25
2026-04-26 00:30:00+00:00,110.0,HOLD,0.0,0.0,100.0,0.2424091579861111,6.564670138888889,1.25
2026-04-26 00:45:00+00:00,117.48,HOLD,0.0,0.0,100.0,0.2424091579861111,6.564670138888889,1.25
2026-04-26 01:00:00+00:00,120.0,HOLD,0.0,0.0,100.0,0.2424091579861111,6.564670138888889,1.25
2026-04-26 01:30:00+00:00,125.0,HOLD,0.0,0.0,100.0,0.2424091579861111,6.564670138888889,1.25
2026-04-26 01:45:00+00:00,149.19,HOLD,0.0,0.0,100.0,0.2424091579861111,6.564670138888889,1.25
2026-04-26 02:00:00+00:00,123.4,HOLD,0.0,0.0,100.0,0.2424091579861111,6.564670138888889,1.25
2026-04-26 02:15:00+00:00,125.0,HOLD,0.0,0.0,100.0,0.2424091579861111,6.564670138888889,1.25
2026-04-26 02:30:00+00:00,148.34,HOLD,0.0,0.0,100.0,0.2424091579861111,6.564670138888889,1.25
2026-04-26 02:45:00+00:00,153.3,HOLD,0.0,0.0,100.0,0.2424091579861111,6.564670138888889,1.25
2026-04-26 03:00:00+00:00,120.78,HOLD,0.0,0.0,100.0,0.2424091579861111,6.564670138888889,1.25
2026-04-26 03:15:00+00:00,120.0,HOLD,0.0,0.0,100.0,0.2424091579861111,6.564670138888889,1.25
2026-04-26 03:30:00+00:00,123.42,HOLD,0.0,0.0,100.0,0.2424091579861111,6.564670138888889,1.25
2026-04-26 03:45:00+00:00,123.43,HOLD,0.0,0.0,100.0,0.2424091579861111,6.564670138888889,1.25
2026-04-26 04:00:00+00:00,135.73,HOLD,0.0,0.0,100.0,0.2424091579861111,6.564670138888889,1.25
2026-04-26 04:15:00+00:00,136.6,HOLD,0.0,0.0,100.0,0.2424091579861111,6.564670138888889,1.25
2026-04-26 04:30:00+00:00,135.97,HOLD,0.0,0.0,100.0,0.2424091579861111,6.564670138888889,1.25
2026-04-26 04:45:00+00:00,125.62,HOLD,0.0,0.0,100.0,0.2424091579861111,6.564670138888889,1.25
2026-04-26 05:00:00+00:00,180.98,DISCHARGE,1.25,0.22622499999999998,86.97916666666666,0.4686341579861111,6.564670138888889,2.5
2026-04-26 05:15:00+00:00,216.3,DISCHARGE,1.25,0.27037500000000003,73.95833333333333,0.7390091579861111,6.564670138888889,3.75
2026-04-26 05:30:00+00:00,193.23,DISCHARGE,1.25,0.2415375,60.937499999999986,0.9805466579861111,6.564670138888889,5.0
2026-04-26 05:45:00+00:00,162.46,DISCHARGE,1.25,0.203075,47.91666666666665,1.183621657986111,6.564670138888889,6.25
2026-04-26 06:00:00+00:00,149.69,HOLD,0.0,0.0,47.91666666666665,1.183621657986111,6.564670138888889,6.25
2026-04-26 06:15:00+00:00,125.26,HOLD,0.0,0.0,47.91666666666665,1.183621657986111,6.564670138888889,6.25
2026-04-26 06:30:00+00:00,77.29,HOLD,0.0,0.0,47.91666666666665,1.183621657986111,6.564670138888889,6.25
2026-04-26 06:45:00+00:00,16.15,CHARGE,1.25,-0.020187499999999997,59.91666666666665,1.163434157986111,7.814670138888889,6.25
2026-04-26 07:00:00+00:00,5.36,CHARGE,1.25,-0.0067,71.91666666666666,1.156734157986111,9.06467013888889,6.25
2026-04-26 07:15:00+00:00,0.26,CHARGE,1.25,-0.00032500000000000004,83.91666666666666,1.156409157986111,10.31467013888889,6.25
2026-04-26 07:30:00+00:00,-0.27,CHARGE (NEGATIVE),1.25,0.0003375,95.91666666666666,1.1567466579861112,11.56467013888889,6.25
2026-04-26 07:45:00+00:00,-2.59,CHARGE (NEGATIVE),0.42534722222222393,0.00110164930555556,100.0,1.1578483072916668,11.990017361111112,6.25
2026-04-26 08:00:00+00:00,-5.01,HOLD,0.0,0.0,100.0,1.1578483072916668,11.990017361111112,6.25
2026-04-26 08:15:00+00:00,-19.64,HOLD,0.0,0.0,100.0,1.1578483072916668,11.990017361111112,6.25
2026-04-26 08:30:00+00:00,-38.0,HOLD,0.0,0.0,100.0,1.1578483072916668,11.990017361111112,6.25
2026-04-26 08:45:00+00:00,-50.09,HOLD,0.0,0.0,100.0,1.1578483072916668,11.990017361111112,6.25
2026-04-26 09:00:00+00:00,-72.0,HOLD,0.0,0.0,100.0,1.1578483072916668,11.990017361111112,6.25
2026-04-26 09:15:00+00:00,-86.84,HOLD,0.0,0.0,100.0,1.1578483072916668,11.990017361111112,6.25
2026-04-26 09:30:00+00:00,-136.7,HOLD,0.0,0.0,100.0,1.1578483072916668,11.990017361111112,6.25
2026-04-26 09:45:00+00:00,-212.69,HOLD,0.0,0.0,100.0,1.1578483072916668,11.990017361111112,6.25
2026-04-26 10:00:00+00:00,-213.24,HOLD,0.0,0.0,100.0,1.1578483072916668,11.990017361111112,6.25
2026-04-26 10:15:00+00:00,-247.41,HOLD,0.0,0.0,100.0,1.1578483072916668,11.990017361111112,6.25
2026-04-26 10:30:00+00:00,-255.81,HOLD,0.0,0.0,100.0,1.1578483072916668,11.990017361111112,6.25
2026-04-26 10:45:00+00:00,-321.92,HOLD,0.0,0.0,100.0,1.1578483072916668,11.990017361111112,6.25
2026-04-26 11:00:00+00:00,-359.82,HOLD,0.0,0.0,100.0,1.1578483072916668,11.990017361111112,6.25
2026-04-26 11:15:00+00:00,-375.53,HOLD,0.0,0.0,100.0,1.1578483072916668,11.990017361111112,6.25
2026-04-26 11:30:00+00:00,-450.63,HOLD,0.0,0.0,100.0,1.1578483072916668,11.990017361111112,6.25
2026-04-26 11:45:00+00:00,-466.49,HOLD,0.0,0.0,100.0,1.1578483072916668,11.990017361111112,6.25
2026-04-26 12:00:00+00:00,-479.27,HOLD,0.0,0.0,100.0,1.1578483072916668,11.990017361111112,6.25
2026-04-26 12:15:00+00:00,-450.44,HOLD,0.0,0.0,100.0,1.1578483072916668,11.990017361111112,6.25
2026-04-26 12:30:00+00:00,-392.25,HOLD,0.0,0.0,100.0,1.1578483072916668,11.990017361111112,6.25
2026-04-26 12:45:00+00:00,-328.6,HOLD,0.0,0.0,100.0,1.1578483072916668,11.990017361111112,6.25
2026-04-26 13:00:00+00:00,-320.11,HOLD,0.0,0.0,100.0,1.1578483072916668,11.990017361111112,6.25
2026-04-26 13:15:00+00:00,-275.86,HOLD,0.0,0.0,100.0,1.1578483072916668,11.990017361111112,6.25
2026-04-26 13:30:00+00:00,-225.24,HOLD,0.0,0.0,100.0,1.1578483072916668,11.990017361111112,6.25
2026-04-26 13:45:00+00:00,-119.64,HOLD,0.0,0.0,100.0,1.1578483072916668,11.990017361111112,6.25
2026-04-26 14:00:00+00:00,-88.73,HOLD,0.0,0.0,100.0,1.1578483072916668,11.990017361111112,6.25
2026-04-26 14:15:00+00:00,-44.99,HOLD,0.0,0.0,100.0,1.1578483072916668,11.990017361111112,6.25
2026-04-26 14:30:00+00:00,-12.0,HOLD,0.0,0.0,100.0,1.1578483072916668,11.990017361111112,6.25
2026-04-26 14:45:00+00:00,-3.01,HOLD,0.0,0.0,100.0,1.1578483072916668,11.990017361111112,6.25
2026-04-26 15:00:00+00:00,-2.1,HOLD,0.0,0.0,100.0,1.1578483072916668,11.990017361111112,6.25
2026-04-26 15:15:00+00:00,-0.13,HOLD,0.0,0.0,100.0,1.1578483072916668,11.990017361111112,6.25
2026-04-26 15:30:00+00:00,0.39,HOLD,0.0,0.0,100.0,1.1578483072916668,11.990017361111112,6.25
2026-04-26 15:45:00+00:00,46.88,HOLD,0.0,0.0,100.0,1.1578483072916668,11.990017361111112,6.25
2026-04-26 16:00:00+00:00,42.67,HOLD,0.0,0.0,100.0,1.1578483072916668,11.990017361111112,6.25
2026-04-26 16:15:00+00:00,100.91,HOLD,0.0,0.0,100.0,1.1578483072916668,11.990017361111112,6.25
2026-04-26 16:30:00+00:00,144.24,HOLD,0.0,0.0,100.0,1.1578483072916668,11.990017361111112,6.25
2026-04-26 16:45:00+00:00,164.52,DISCHARGE,1.25,0.20565000000000003,86.97916666666666,1.3634983072916669,11.990017361111112,7.5
2026-04-26 17:00:00+00:00,116.97,HOLD,0.0,0.0,86.97916666666666,1.3634983072916669,11.990017361111112,7.5
2026-04-26 17:15:00+00:00,134.48,HOLD,0.0,0.0,86.97916666666666,1.3634983072916669,11.990017361111112,7.5
2026-04-26 17:30:00+00:00,166.93,DISCHARGE,1.25,0.2086625,73.95833333333333,1.5721608072916669,11.990017361111112,8.75
2026-04-26 17:45:00+00:00,191.46,DISCHARGE,1.25,0.239325,60.937499999999986,1.8114858072916669,11.990017361111112,10.0
2026-04-26 18:00:00+00:00,154.19,HOLD,0.0,0.0,60.937499999999986,1.8114858072916669,11.990017361111112,10.0
2026-04-26 18:15:00+00:00,163.76,DISCHARGE,1.25,0.2047,47.91666666666665,2.016185807291667,11.990017361111112,11.25
2026-04-26 18:30:00+00:00,169.19,DISCHARGE,1.25,0.2114875,34.895833333333314,2.227673307291667,11.990017361111112,12.5
2026-04-26 18:45:00+00:00,154.83,HOLD,0.0,0.0,34.895833333333314,2.227673307291667,11.990017361111112,12.5
2026-04-26 19:00:00+00:00,151.34,HOLD,0.0,0.0,34.895833333333314,2.227673307291667,11.990017361111112,12.5
2026-04-26 19:15:00+00:00,143.67,HOLD,0.0,0.0,34.895833333333314,2.227673307291667,11.990017361111112,12.5
2026-04-26 19:30:00+00:00,138.0,HOLD,0.0,0.0,34.895833333333314,2.227673307291667,11.990017361111112,12.5
2026-04-26 19:45:00+00:00,136.16,HOLD,0.0,0.0,34.895833333333314,2.227673307291667,11.990017361111112,12.5
2026-04-26 20:00:00+00:00,135.1,HOLD,0.0,0.0,34.895833333333314,2.227673307291667,11.990017361111112,12.5
2026-04-26 20:15:00+00:00,128.39,HOLD,0.0,0.0,34.895833333333314,2.227673307291667,11.990017361111112,12.5
2026-04-26 20:30:00+00:00,122.62,HOLD,0.0,0.0,34.895833333333314,2.227673307291667,11.990017361111112,12.5
2026-04-26 20:45:00+00:00,118.64,HOLD,0.0,0.0,34.895833333333314,2.227673307291667,11.990017361111112,12.5
2026-04-26 21:00:00+00:00,119.82,HOLD,0.0,0.0,34.895833333333314,2.227673307291667,11.990017361111112,12.5
2026-04-26 21:15:00+00:00,121.45,HOLD,0.0,0.0,34.895833333333314,2.227673307291667,11.990017361111112,12.5
2026-04-26 21:30:00+00:00,115.73,HOLD,0.0,0.0,34.895833333333314,2.227673307291667,11.990017361111112,12.5
2026-04-26 21:45:00+00:00,112.7,HOLD,0.0,0.0,34.895833333333314,2.227673307291667,11.990017361111112,12.5
2026-04-26 22:00:00+00:00,116.02,HOLD,0.0,0.0,34.895833333333314,2.227673307291667,11.990017361111112,12.5
2026-04-26 22:15:00+00:00,106.31,HOLD,0.0,0.0,34.895833333333314,2.227673307291667,11.990017361111112,12.5
2026-04-26 22:30:00+00:00,100.0,HOLD,0.0,0.0,34.895833333333314,2.227673307291667,11.990017361111112,12.5
2026-04-26 22:45:00+00:00,95.0,HOLD,0.0,0.0,34.895833333333314,2.227673307291667,11.990017361111112,12.5
2026-04-26 23:00:00+00:00,99.2,HOLD,0.0,0.0,34.895833333333314,2.227673307291667,11.990017361111112,12.5
2026-04-26 23:15:00+00:00,98.06,HOLD,0.0,0.0,34.895833333333314,2.227673307291667,11.990017361111112,12.5
2026-04-26 23:30:00+00:00,100.09,HOLD,0.0,0.0,34.895833333333314,2.227673307291667,11.990017361111112,12.5
2026-04-26 23:45:00+00:00,98.5,HOLD,0.0,0.0,34.895833333333314,2.227673307291667,11.990017361111112,12.5
2026-04-27 00:00:00+00:00,101.35,HOLD,0.0,0.0,34.895833333333314,2.227673307291667,11.990017361111112,12.5
2026-04-27 00:15:00+00:00,98.72,HOLD,0.0,0.0,34.895833333333314,2.227673307291667,11.990017361111112,12.5
2026-04-27 00:30:00+00:00,99.65,HOLD,0.0,0.0,34.895833333333314,2.227673307291667,11.990017361111112,12.5
2026-04-27 00:45:00+00:00,100.29,HOLD,0.0,0.0,34.895833333333314,2.227673307291667,11.990017361111112,12.5
2026-04-27 01:00:00+00:00,97.84,HOLD,0.0,0.0,34.895833333333314,2.227673307291667,11.990017361111112,12.5
2026-04-27 01:15:00+00:00,95.0,HOLD,0.0,0.0,34.895833333333314,2.227673307291667,11.990017361111112,12.5
2026-04-27 01:30:00+00:00,99.2,HOLD,0.0,0.0,34.895833333333314,2.227673307291667,11.990017361111112,12.5
2026-04-27 01:45:00+00:00,99.4,HOLD,0.0,0.0,34.895833333333314,2.227673307291667,11.990017361111112,12.5
2026-04-27 02:00:00+00:00,101.09,HOLD,0.0,0.0,34.895833333333314,2.227673307291667,11.990017361111112,12.5
2026-04-27 02:15:00+00:00,102.49,HOLD,0.0,0.0,34.895833333333314,2.227673307291667,11.990017361111112,12.5
2026-04-27 02:30:00+00:00,105.0,HOLD,0.0,0.0,34.895833333333314,2.227673307291667,11.990017361111112,12.5
2026-04-27 02:45:00+00:00,100.61,HOLD,0.0,0.0,34.895833333333314,2.227673307291667,11.990017361111112,12.5
2026-04-27 03:00:00+00:00,105.38,HOLD,0.0,0.0,34.895833333333314,2.227673307291667,11.990017361111112,12.5
2026-04-27 03:15:00+00:00,102.5,HOLD,0.0,0.0,34.895833333333314,2.227673307291667,11.990017361111112,12.5
2026-04-27 03:30:00+00:00,116.35,HOLD,0.0,0.0,34.895833333333314,2.227673307291667,11.990017361111112,12.5
2026-04-27 03:45:00+00:00,118.72,HOLD,0.0,0.0,34.895833333333314,2.227673307291667,11.990017361111112,12.5
2026-04-27 04:00:00+00:00,136.58,HOLD,0.0,0.0,34.895833333333314,2.227673307291667,11.990017361111112,12.5
2026-04-27 04:15:00+00:00,150.75,HOLD,0.0,0.0,34.895833333333314,2.227673307291667,11.990017361111112,12.5
2026-04-27 04:30:00+00:00,154.29,HOLD,0.0,0.0,34.895833333333314,2.227673307291667,11.990017361111112,12.5
2026-04-27 04:45:00+00:00,158.45,HOLD,0.0,0.0,34.895833333333314,2.227673307291667,11.990017361111112,12.5
2026-04-27 05:00:00+00:00,172.35,DISCHARGE,1.25,0.2154375,21.874999999999982,2.443110807291667,11.990017361111112,13.75
2026-04-27 05:15:00+00:00,161.43,DISCHARGE,1.25,0.2017875,8.854166666666647,2.644898307291667,11.990017361111112,15.0
2026-04-27 05:30:00+00:00,135.63,HOLD,0.0,0.0,8.854166666666647,2.644898307291667,11.990017361111112,15.0
2026-04-27 05:45:00+00:00,112.46,HOLD,0.0,0.0,8.854166666666647,2.644898307291667,11.990017361111112,15.0
2026-04-27 06:00:00+00:00,237.75,DISCHARGE,0.849999999999998,0.20208749999999953,0.0,2.8469858072916665,11.990017361111112,15.849999999999998
2026-04-27 06:15:00+00:00,158.04,HOLD,0.0,0.0,0.0,2.8469858072916665,11.990017361111112,15.849999999999998
2026-04-27 06:30:00+00:00,124.63,HOLD,0.0,0.0,0.0,2.8469858072916665,11.990017361111112,15.849999999999998
2026-04-27 06:45:00+00:00,136.85,HOLD,0.0,0.0,0.0,2.8469858072916665,11.990017361111112,15.849999999999998
2026-04-27 07:00:00+00:00,167.87,HOLD,0.0,0.0,0.0,2.8469858072916665,11.990017361111112,15.849999999999998
2026-04-27 07:15:00+00:00,140.0,HOLD,0.0,0.0,0.0,2.8469858072916665,11.990017361111112,15.849999999999998
2026-04-27 07:30:00+00:00,144.33,HOLD,0.0,0.0,0.0,2.8469858072916665,11.990017361111112,15.849999999999998
2026-04-27 07:45:00+00:00,105.0,HOLD,0.0,0.0,0.0,2.8469858072916665,11.990017361111112,15.849999999999998
2026-04-27 08:00:00+00:00,155.19,HOLD,0.0,0.0,0.0,2.8469858072916665,11.990017361111112,15.849999999999998
2026-04-27 08:15:00+00:00,119.81,HOLD,0.0,0.0,0.0,2.8469858072916665,11.990017361111112,15.849999999999998
2026-04-27 08:30:00+00:00,90.85,HOLD,0.0,0.0,0.0,2.8469858072916665,11.990017361111112,15.849999999999998
2026-04-27 08:45:00+00:00,40.4,CHARGE,1.25,-0.050499999999999996,11.999999999999998,2.7964858072916665,13.240017361111112,15.849999999999998
2026-04-27 09:00:00+00:00,40.31,CHARGE,1.25,-0.0503875,23.999999999999996,2.7460983072916667,14.490017361111112,15.849999999999998
2026-04-27 09:15:00+00:00,0.01,CHARGE,1.25,-1.25e-05,35.99999999999999,2.7460858072916667,15.740017361111112,15.849999999999998
2026-04-27 09:30:00+00:00,0.0,CHARGE,1.25,-0.0,47.99999999999999,2.7460858072916667,16.990017361111114,15.849999999999998
2026-04-27 09:45:00+00:00,-0.02,CHARGE (NEGATIVE),1.25,2.5e-05,59.999999999999986,2.7461108072916667,18.240017361111114,15.849999999999998
2026-04-27 10:00:00+00:00,-0.01,CHARGE (NEGATIVE),1.25,1.25e-05,71.99999999999999,2.7461233072916666,19.490017361111114,15.849999999999998
2026-04-27 10:15:00+00:00,-0.05,CHARGE (NEGATIVE),1.25,6.25e-05,83.99999999999999,2.7461858072916665,20.740017361111114,15.849999999999998
2026-04-27 10:30:00+00:00,-0.1,CHARGE (NEGATIVE),1.25,0.000125,95.99999999999999,2.7463108072916667,21.990017361111114,15.849999999999998
2026-04-27 10:45:00+00:00,-0.23,CHARGE (NEGATIVE),0.4166666666666682,9.583333333333369e-05,100.0,2.746406640625,22.406684027777782,15.849999999999998
2026-04-27 11:00:00+00:00,-0.5,HOLD,0.0,0.0,100.0,2.746406640625,22.406684027777782,15.849999999999998
2026-04-27 11:15:00+00:00,-0.82,HOLD,0.0,0.0,100.0,2.746406640625,22.406684027777782,15.849999999999998
2026-04-27 11:30:00+00:00,-1.0,HOLD,0.0,0.0,100.0,2.746406640625,22.406684027777782,15.849999999999998
2026-04-27 12:00:00+00:00,-0.5,HOLD,0.0,0.0,100.0,2.746406640625,22.406684027777782,15.849999999999998
2026-04-27 12:15:00+00:00,-0.1,HOLD,0.0,0.0,100.0,2.746406640625,22.406684027777782,15.849999999999998
2026-04-27 12:30:00+00:00,-0.05,HOLD,0.0,0.0,100.0,2.746406640625,22.406684027777782,15.849999999999998
2026-04-27 12:45:00+00:00,0.0,HOLD,0.0,0.0,100.0,2.746406640625,22.406684027777782,15.849999999999998
2026-04-27 13:00:00+00:00,-0.01,HOLD,0.0,0.0,100.0,2.746406640625,22.406684027777782,15.849999999999998
2026-04-27 13:15:00+00:00,0.0,HOLD,0.0,0.0,100.0,2.746406640625,22.406684027777782,15.849999999999998
2026-04-27 13:45:00+00:00,11.83,HOLD,0.0,0.0,100.0,2.746406640625,22.406684027777782,15.849999999999998
2026-04-27 14:00:00+00:00,13.58,HOLD,0.0,0.0,100.0,2.746406640625,22.406684027777782,15.849999999999998
2026-04-27 14:15:00+00:00,39.18,HOLD,0.0,0.0,100.0,2.746406640625,22.406684027777782,15.849999999999998
2026-04-27 14:30:00+00:00,64.78,HOLD,0.0,0.0,100.0,2.746406640625,22.406684027777782,15.849999999999998
2026-04-27 14:45:00+00:00,83.2,HOLD,0.0,0.0,100.0,2.746406640625,22.406684027777782,15.849999999999998
2026-04-27 15:00:00+00:00,59.61,HOLD,0.0,0.0,100.0,2.746406640625,22.406684027777782,15.849999999999998
2026-04-27 15:15:00+00:00,92.24,HOLD,0.0,0.0,100.0,2.746406640625,22.406684027777782,15.849999999999998
2026-04-27 15:30:00+00:00,108.98,HOLD,0.0,0.0,100.0,2.746406640625,22.406684027777782,15.849999999999998
2026-04-27 15:45:00+00:00,117.25,HOLD,0.0,0.0,100.0,2.746406640625,22.406684027777782,15.849999999999998
2026-04-27 16:00:00+00:00,95.57,HOLD,0.0,0.0,100.0,2.746406640625,22.406684027777782,15.849999999999998
2026-04-27 16:15:00+00:00,110.08,HOLD,0.0,0.0,100.0,2.746406640625,22.406684027777782,15.849999999999998
2026-04-27 16:30:00+00:00,126.7,HOLD,0.0,0.0,100.0,2.746406640625,22.406684027777782,15.849999999999998
2026-04-27 16:45:00+00:00,133.36,HOLD,0.0,0.0,100.0,2.746406640625,22.406684027777782,15.849999999999998
2026-04-27 17:00:00+00:00,112.97,HOLD,0.0,0.0,100.0,2.746406640625,22.406684027777782,15.849999999999998
2026-04-27 17:15:00+00:00,130.09,HOLD,0.0,0.0,100.0,2.746406640625,22.406684027777782,15.849999999999998
2026-04-27 17:30:00+00:00,162.66,DISCHARGE,1.25,0.203325,86.97916666666666,2.949731640625,22.406684027777782,17.099999999999998
2026-04-27 17:45:00+00:00,227.73,DISCHARGE,1.25,0.2846625,73.95833333333333,3.234394140625,22.406684027777782,18.349999999999998
2026-04-27 18:00:00+00:00,207.57,DISCHARGE,1.25,0.2594625,60.937499999999986,3.4938566406250002,22.406684027777782,19.599999999999998
2026-04-27 18:15:00+00:00,200.59,DISCHARGE,1.25,0.2507375,47.91666666666665,3.7445941406250003,22.406684027777782,20.849999999999998
2026-04-27 18:30:00+00:00,180.0,DISCHARGE,1.25,0.225,34.895833333333314,3.9695941406250004,22.406684027777782,22.099999999999998
2026-04-27 18:45:00+00:00,151.74,HOLD,0.0,0.0,34.895833333333314,3.9695941406250004,22.406684027777782,22.099999999999998
2026-04-27 19:00:00+00:00,193.06,DISCHARGE,1.25,0.241325,21.874999999999982,4.210919140625,22.406684027777782,23.349999999999998
2026-04-27 19:15:00+00:00,145.0,HOLD,0.0,0.0,21.874999999999982,4.210919140625,22.406684027777782,23.349999999999998
2026-04-27 19:30:00+00:00,124.64,HOLD,0.0,0.0,21.874999999999982,4.210919140625,22.406684027777782,23.349999999999998
2026-04-27 19:45:00+00:00,109.92,HOLD,0.0,0.0,21.874999999999982,4.210919140625,22.406684027777782,23.349999999999998
2026-04-27 20:00:00+00:00,129.47,HOLD,0.0,0.0,21.874999999999982,4.210919140625,22.406684027777782,23.349999999999998
2026-04-27 20:15:00+00:00,119.17,HOLD,0.0,0.0,21.874999999999982,4.210919140625,22.406684027777782,23.349999999999998
2026-04-27 20:30:00+00:00,118.01,HOLD,0.0,0.0,21.874999999999982,4.210919140625,22.406684027777782,23.349999999999998
2026-04-27 20:45:00+00:00,104.62,HOLD,0.0,0.0,21.874999999999982,4.210919140625,22.406684027777782,23.349999999999998
2026-04-27 21:00:00+00:00,106.69,HOLD,0.0,0.0,21.874999999999982,4.210919140625,22.406684027777782,23.349999999999998
2026-04-27 21:15:00+00:00,97.61,HOLD,0.0,0.0,21.874999999999982,4.210919140625,22.406684027777782,23.349999999999998
2026-04-27 21:30:00+00:00,101.29,HOLD,0.0,0.0,21.874999999999982,4.210919140625,22.406684027777782,23.349999999999998
2026-04-27 21:45:00+00:00,90.84,HOLD,0.0,0.0,21.874999999999982,4.210919140625,22.406684027777782,23.349999999999998
2026-04-27 22:00:00+00:00,112.63,HOLD,0.0,0.0,21.874999999999982,4.210919140625,22.406684027777782,23.349999999999998
2026-04-27 22:15:00+00:00,107.06,HOLD,0.0,0.0,21.874999999999982,4.210919140625,22.406684027777782,23.349999999999998
2026-04-27 22:30:00+00:00,94.81,HOLD,0.0,0.0,21.874999999999982,4.210919140625,22.406684027777782,23.349999999999998
2026-04-27 22:45:00+00:00,90.12,HOLD,0.0,0.0,21.874999999999982,4.210919140625,22.406684027777782,23.349999999999998
2026-04-27 23:00:00+00:00,100.41,HOLD,0.0,0.0,21.874999999999982,4.210919140625,22.406684027777782,23.349999999999998
2026-04-27 23:15:00+00:00,95.48,HOLD,0.0,0.0,21.874999999999982,4.210919140625,22.406684027777782,23.349999999999998
2026-04-27 23:30:00+00:00,95.19,HOLD,0.0,0.0,21.874999999999982,4.210919140625,22.406684027777782,23.349999999999998
2026-04-27 23:45:00+00:00,88.57,HOLD,0.0,0.0,21.874999999999982,4.210919140625,22.406684027777782,23.349999999999998
2026-04-28 00:00:00+00:00,90.2,HOLD,0.0,0.0,21.874999999999982,4.210919140625,22.406684027777782,23.349999999999998
2026-04-28 00:15:00+00:00,85.64,HOLD,0.0,0.0,21.874999999999982,4.210919140625,22.406684027777782,23.349999999999998
2026-04-28 00:30:00+00:00,87.0,HOLD,0.0,0.0,21.874999999999982,4.210919140625,22.406684027777782,23.349999999999998
2026-04-28 00:45:00+00:00,85.69,HOLD,0.0,0.0,21.874999999999982,4.210919140625,22.406684027777782,23.349999999999998
2026-04-28 01:00:00+00:00,86.04,HOLD,0.0,0.0,21.874999999999982,4.210919140625,22.406684027777782,23.349999999999998
2026-04-28 01:15:00+00:00,84.67,HOLD,0.0,0.0,21.874999999999982,4.210919140625,22.406684027777782,23.349999999999998
2026-04-28 01:30:00+00:00,86.59,HOLD,0.0,0.0,21.874999999999982,4.210919140625,22.406684027777782,23.349999999999998
2026-04-28 01:45:00+00:00,84.53,HOLD,0.0,0.0,21.874999999999982,4.210919140625,22.406684027777782,23.349999999999998
2026-04-28 02:00:00+00:00,85.0,HOLD,0.0,0.0,21.874999999999982,4.210919140625,22.406684027777782,23.349999999999998
2026-04-28 02:15:00+00:00,84.65,HOLD,0.0,0.0,21.874999999999982,4.210919140625,22.406684027777782,23.349999999999998
2026-04-28 02:30:00+00:00,84.11,HOLD,0.0,0.0,21.874999999999982,4.210919140625,22.406684027777782,23.349999999999998
2026-04-28 02:45:00+00:00,87.09,HOLD,0.0,0.0,21.874999999999982,4.210919140625,22.406684027777782,23.349999999999998
2026-04-28 03:00:00+00:00,82.44,HOLD,0.0,0.0,21.874999999999982,4.210919140625,22.406684027777782,23.349999999999998
2026-04-28 03:15:00+00:00,87.46,HOLD,0.0,0.0,21.874999999999982,4.210919140625,22.406684027777782,23.349999999999998
2026-04-28 03:30:00+00:00,93.7,HOLD,0.0,0.0,21.874999999999982,4.210919140625,22.406684027777782,23.349999999999998
2026-04-28 03:45:00+00:00,97.71,HOLD,0.0,0.0,21.874999999999982,4.210919140625,22.406684027777782,23.349999999999998
2026-04-28 04:00:00+00:00,102.56,HOLD,0.0,0.0,21.874999999999982,4.210919140625,22.406684027777782,23.349999999999998
2026-04-28 04:15:00+00:00,102.71,HOLD,0.0,0.0,21.874999999999982,4.210919140625,22.406684027777782,23.349999999999998
2026-04-28 04:30:00+00:00,102.52,HOLD,0.0,0.0,21.874999999999982,4.210919140625,22.406684027777782,23.349999999999998
2026-04-28 04:45:00+00:00,101.23,HOLD,0.0,0.0,21.874999999999982,4.210919140625,22.406684027777782,23.349999999999998
2026-04-28 05:00:00+00:00,118.82,HOLD,0.0,0.0,21.874999999999982,4.210919140625,22.406684027777782,23.349999999999998
2026-04-28 05:15:00+00:00,112.23,HOLD,0.0,0.0,21.874999999999982,4.210919140625,22.406684027777782,23.349999999999998
2026-04-28 05:30:00+00:00,105.14,HOLD,0.0,0.0,21.874999999999982,4.210919140625,22.406684027777782,23.349999999999998
2026-04-28 05:45:00+00:00,99.38,HOLD,0.0,0.0,21.874999999999982,4.210919140625,22.406684027777782,23.349999999999998
2026-04-28 06:00:00+00:00,123.08,HOLD,0.0,0.0,21.874999999999982,4.210919140625,22.406684027777782,23.349999999999998
2026-04-28 06:15:00+00:00,112.92,HOLD,0.0,0.0,21.874999999999982,4.210919140625,22.406684027777782,23.349999999999998
2026-04-28 06:30:00+00:00,106.62,HOLD,0.0,0.0,21.874999999999982,4.210919140625,22.406684027777782,23.349999999999998
2026-04-28 06:45:00+00:00,85.0,HOLD,0.0,0.0,21.874999999999982,4.210919140625,22.406684027777782,23.349999999999998
2026-04-28 07:00:00+00:00,109.05,HOLD,0.0,0.0,21.874999999999982,4.210919140625,22.406684027777782,23.349999999999998
2026-04-28 07:15:00+00:00,92.57,HOLD,0.0,0.0,21.874999999999982,4.210919140625,22.406684027777782,23.349999999999998
2026-04-28 07:30:00+00:00,62.84,HOLD,0.0,0.0,21.874999999999982,4.210919140625,22.406684027777782,23.349999999999998
2026-04-28 07:45:00+00:00,33.35,CHARGE,1.25,-0.0416875,33.87499999999998,4.169231640625,23.656684027777782,23.349999999999998
2026-04-28 08:00:00+00:00,60.2,HOLD,0.0,0.0,33.87499999999998,4.169231640625,23.656684027777782,23.349999999999998
2026-04-28 08:15:00+00:00,23.75,CHARGE,1.25,-0.029687500000000002,45.87499999999998,4.139544140625,24.906684027777782,23.349999999999998
2026-04-28 08:30:00+00:00,3.32,CHARGE,1.25,-0.00415,57.87499999999998,4.135394140625,26.156684027777782,23.349999999999998
2026-04-28 08:45:00+00:00,-1.71,CHARGE (NEGATIVE),1.25,0.0021375,69.87499999999997,4.137531640625,27.406684027777782,23.349999999999998
2026-04-28 09:00:00+00:00,0.08,CHARGE,1.25,-0.0001,81.87499999999997,4.1374316406250005,28.656684027777782,23.349999999999998
2026-04-28 09:15:00+00:00,-0.34,CHARGE (NEGATIVE),1.25,0.00042500000000000003,93.87499999999997,4.137856640625,29.906684027777782,23.349999999999998
2026-04-28 09:30:00+00:00,-0.59,CHARGE (NEGATIVE),0.6380208333333359,0.0003764322916666682,100.0,4.138233072916667,30.544704861111118,23.349999999999998
2026-04-28 09:45:00+00:00,-1.48,HOLD,0.0,0.0,100.0,4.138233072916667,30.544704861111118,23.349999999999998
2026-04-28 10:00:00+00:00,0.51,HOLD,0.0,0.0,100.0,4.138233072916667,30.544704861111118,23.349999999999998
2026-04-28 10:15:00+00:00,0.86,HOLD,0.0,0.0,100.0,4.138233072916667,30.544704861111118,23.349999999999998
2026-04-28 10:30:00+00:00,1.43,HOLD,0.0,0.0,100.0,4.138233072916667,30.544704861111118,23.349999999999998
2026-04-28 10:45:00+00:00,-1.72,HOLD,0.0,0.0,100.0,4.138233072916667,30.544704861111118,23.349999999999998
2026-04-28 11:00:00+00:00,-13.44,HOLD,0.0,0.0,100.0,4.138233072916667,30.544704861111118,23.349999999999998
2026-04-28 11:15:00+00:00,-17.31,HOLD,0.0,0.0,100.0,4.138233072916667,30.544704861111118,23.349999999999998
2026-04-28 11:30:00+00:00,-29.18,HOLD,0.0,0.0,100.0,4.138233072916667,30.544704861111118,23.349999999999998
2026-04-28 11:45:00+00:00,-34.36,HOLD,0.0,0.0,100.0,4.138233072916667,30.544704861111118,23.349999999999998
2026-04-28 12:00:00+00:00,-10.2,HOLD,0.0,0.0,100.0,4.138233072916667,30.544704861111118,23.349999999999998
2026-04-28 12:15:00+00:00,-12.12,HOLD,0.0,0.0,100.0,4.138233072916667,30.544704861111118,23.349999999999998
2026-04-28 12:30:00+00:00,-10.0,HOLD,0.0,0.0,100.0,4.138233072916667,30.544704861111118,23.349999999999998
2026-04-28 12:45:00+00:00,-5.1,HOLD,0.0,0.0,100.0,4.138233072916667,30.544704861111118,23.349999999999998
2026-04-28 13:00:00+00:00,-1.87,HOLD,0.0,0.0,100.0,4.138233072916667,30.544704861111118,23.349999999999998
2026-04-28 13:15:00+00:00,-4.78,HOLD,0.0,0.0,100.0,4.138233072916667,30.544704861111118,23.349999999999998
2026-04-28 13:30:00+00:00,-13.48,HOLD,0.0,0.0,100.0,4.138233072916667,30.544704861111118,23.349999999999998
2026-04-28 13:45:00+00:00,-7.19,HOLD,0.0,0.0,100.0,4.138233072916667,30.544704861111118,23.349999999999998
2026-04-28 14:00:00+00:00,-11.48,HOLD,0.0,0.0,100.0,4.138233072916667,30.544704861111118,23.349999999999998
2026-04-28 14:15:00+00:00,-3.26,HOLD,0.0,0.0,100.0,4.138233072916667,30.544704861111118,23.349999999999998
2026-04-28 14:30:00+00:00,-0.11,HOLD,0.0,0.0,100.0,4.138233072916667,30.544704861111118,23.349999999999998
2026-04-28 14:45:00+00:00,-0.01,HOLD,0.0,0.0,100.0,4.138233072916667,30.544704861111118,23.349999999999998
2026-04-28 15:00:00+00:00,-0.05,HOLD,0.0,0.0,100.0,4.138233072916667,30.544704861111118,23.349999999999998
2026-04-28 15:15:00+00:00,5.81,HOLD,0.0,0.0,100.0,4.138233072916667,30.544704861111118,23.349999999999998
2026-04-28 15:30:00+00:00,34.47,HOLD,0.0,0.0,100.0,4.138233072916667,30.544704861111118,23.349999999999998
2026-04-28 15:45:00+00:00,62.16,HOLD,0.0,0.0,100.0,4.138233072916667,30.544704861111118,23.349999999999998
2026-04-28 16:00:00+00:00,50.8,HOLD,0.0,0.0,100.0,4.138233072916667,30.544704861111118,23.349999999999998
2026-04-28 16:15:00+00:00,72.01,HOLD,0.0,0.0,100.0,4.138233072916667,30.544704861111118,23.349999999999998
2026-04-28 16:30:00+00:00,82.76,HOLD,0.0,0.0,100.0,4.138233072916667,30.544704861111118,23.349999999999998
2026-04-28 16:45:00+00:00,99.1,HOLD,0.0,0.0,100.0,4.138233072916667,30.544704861111118,23.349999999999998
2026-04-28 17:00:00+00:00,90.0,HOLD,0.0,0.0,100.0,4.138233072916667,30.544704861111118,23.349999999999998
2026-04-28 17:15:00+00:00,98.16,HOLD,0.0,0.0,100.0,4.138233072916667,30.544704861111118,23.349999999999998
2026-04-28 17:30:00+00:00,102.64,HOLD,0.0,0.0,100.0,4.138233072916667,30.544704861111118,23.349999999999998
2026-04-28 17:45:00+00:00,110.76,HOLD,0.0,0.0,100.0,4.138233072916667,30.544704861111118,23.349999999999998
2026-04-28 18:00:00+00:00,108.37,HOLD,0.0,0.0,100.0,4.138233072916667,30.544704861111118,23.349999999999998
2026-04-28 18:15:00+00:00,101.37,HOLD,0.0,0.0,100.0,4.138233072916667,30.544704861111118,23.349999999999998
2026-04-28 18:30:00+00:00,95.73,HOLD,0.0,0.0,100.0,4.138233072916667,30.544704861111118,23.349999999999998
2026-04-28 18:45:00+00:00,92.25,HOLD,0.0,0.0,100.0,4.138233072916667,30.544704861111118,23.349999999999998
2026-04-28 19:00:00+00:00,103.05,HOLD,0.0,0.0,100.0,4.138233072916667,30.544704861111118,23.349999999999998
2026-04-28 19:15:00+00:00,95.99,HOLD,0.0,0.0,100.0,4.138233072916667,30.544704861111118,23.349999999999998
2026-04-28 19:30:00+00:00,86.84,HOLD,0.0,0.0,100.0,4.138233072916667,30.544704861111118,23.349999999999998
2026-04-28 19:45:00+00:00,81.99,HOLD,0.0,0.0,100.0,4.138233072916667,30.544704861111118,23.349999999999998
2026-04-28 20:00:00+00:00,94.25,HOLD,0.0,0.0,100.0,4.138233072916667,30.544704861111118,23.349999999999998
2026-04-28 20:15:00+00:00,84.75,HOLD,0.0,0.0,100.0,4.138233072916667,30.544704861111118,23.349999999999998
2026-04-28 20:30:00+00:00,91.26,HOLD,0.0,0.0,100.0,4.138233072916667,30.544704861111118,23.349999999999998
2026-04-28 20:45:00+00:00,82.71,HOLD,0.0,0.0,100.0,4.138233072916667,30.544704861111118,23.349999999999998
2026-04-28 21:00:00+00:00,85.56,HOLD,0.0,0.0,100.0,4.138233072916667,30.544704861111118,23.349999999999998
2026-04-28 21:15:00+00:00,77.33,HOLD,0.0,0.0,100.0,4.138233072916667,30.544704861111118,23.349999999999998
2026-04-28 21:30:00+00:00,75.99,HOLD,0.0,0.0,100.0,4.138233072916667,30.544704861111118,23.349999999999998
2026-04-28 21:45:00+00:00,73.72,HOLD,0.0,0.0,100.0,4.138233072916667,30.544704861111118,23.349999999999998
2026-04-28 22:00:00+00:00,92.65,HOLD,0.0,0.0,100.0,4.138233072916667,30.544704861111118,23.349999999999998
2026-04-28 22:15:00+00:00,78.92,HOLD,0.0,0.0,100.0,4.138233072916667,30.544704861111118,23.349999999999998
2026-04-28 22:30:00+00:00,78.53,HOLD,0.0,0.0,100.0,4.138233072916667,30.544704861111118,23.349999999999998
2026-04-28 22:45:00+00:00,72.47,HOLD,0.0,0.0,100.0,4.138233072916667,30.544704861111118,23.349999999999998
2026-04-28 23:00:00+00:00,77.68,HOLD,0.0,0.0,100.0,4.138233072916667,30.544704861111118,23.349999999999998
2026-04-28 23:15:00+00:00,78.03,HOLD,0.0,0.0,100.0,4.138233072916667,30.544704861111118,23.349999999999998
2026-04-28 23:30:00+00:00,80.0,HOLD,0.0,0.0,100.0,4.138233072916667,30.544704861111118,23.349999999999998
2026-04-28 23:45:00+00:00,77.33,HOLD,0.0,0.0,100.0,4.138233072916667,30.544704861111118,23.349999999999998
2026-04-29 00:00:00+00:00,75.61,HOLD,0.0,0.0,100.0,4.138233072916667,30.544704861111118,23.349999999999998
2026-04-29 00:15:00+00:00,76.4,HOLD,0.0,0.0,100.0,4.138233072916667,30.544704861111118,23.349999999999998
2026-04-29 00:30:00+00:00,74.67,HOLD,0.0,0.0,100.0,4.138233072916667,30.544704861111118,23.349999999999998
2026-04-29 00:45:00+00:00,74.05,HOLD,0.0,0.0,100.0,4.138233072916667,30.544704861111118,23.349999999999998
2026-04-29 01:00:00+00:00,73.84,HOLD,0.0,0.0,100.0,4.138233072916667,30.544704861111118,23.349999999999998
2026-04-29 01:15:00+00:00,74.17,HOLD,0.0,0.0,100.0,4.138233072916667,30.544704861111118,23.349999999999998
2026-04-29 01:30:00+00:00,74.65,HOLD,0.0,0.0,100.0,4.138233072916667,30.544704861111118,23.349999999999998
2026-04-29 01:45:00+00:00,75.46,HOLD,0.0,0.0,100.0,4.138233072916667,30.544704861111118,23.349999999999998
2026-04-29 02:00:00+00:00,74.84,HOLD,0.0,0.0,100.0,4.138233072916667,30.544704861111118,23.349999999999998
2026-04-29 02:15:00+00:00,75.65,HOLD,0.0,0.0,100.0,4.138233072916667,30.544704861111118,23.349999999999998
2026-04-29 02:30:00+00:00,76.41,HOLD,0.0,0.0,100.0,4.138233072916667,30.544704861111118,23.349999999999998
2026-04-29 02:45:00+00:00,78.39,HOLD,0.0,0.0,100.0,4.138233072916667,30.544704861111118,23.349999999999998
2026-04-29 03:00:00+00:00,76.25,HOLD,0.0,0.0,100.0,4.138233072916667,30.544704861111118,23.349999999999998
2026-04-29 03:15:00+00:00,78.69,HOLD,0.0,0.0,100.0,4.138233072916667,30.544704861111118,23.349999999999998
2026-04-29 03:30:00+00:00,84.17,HOLD,0.0,0.0,100.0,4.138233072916667,30.544704861111118,23.349999999999998
2026-04-29 03:45:00+00:00,88.88,HOLD,0.0,0.0,100.0,4.138233072916667,30.544704861111118,23.349999999999998
2026-04-29 04:00:00+00:00,74.93,HOLD,0.0,0.0,100.0,4.138233072916667,30.544704861111118,23.349999999999998
2026-04-29 04:15:00+00:00,78.35,HOLD,0.0,0.0,100.0,4.138233072916667,30.544704861111118,23.349999999999998
2026-04-29 04:30:00+00:00,95.2,HOLD,0.0,0.0,100.0,4.138233072916667,30.544704861111118,23.349999999999998
2026-04-29 04:45:00+00:00,100.4,HOLD,0.0,0.0,100.0,4.138233072916667,30.544704861111118,23.349999999999998
2026-04-29 05:00:00+00:00,109.02,HOLD,0.0,0.0,100.0,4.138233072916667,30.544704861111118,23.349999999999998
2026-04-29 05:15:00+00:00,107.19,HOLD,0.0,0.0,100.0,4.138233072916667,30.544704861111118,23.349999999999998
2026-04-29 05:30:00+00:00,96.67,HOLD,0.0,0.0,100.0,4.138233072916667,30.544704861111118,23.349999999999998
2026-04-29 05:45:00+00:00,86.79,HOLD,0.0,0.0,100.0,4.138233072916667,30.544704861111118,23.349999999999998
2026-04-29 06:00:00+00:00,109.28,HOLD,0.0,0.0,100.0,4.138233072916667,30.544704861111118,23.349999999999998
2026-04-29 06:15:00+00:00,98.75,HOLD,0.0,0.0,100.0,4.138233072916667,30.544704861111118,23.349999999999998
2026-04-29 06:30:00+00:00,79.53,HOLD,0.0,0.0,100.0,4.138233072916667,30.544704861111118,23.349999999999998
2026-04-29 06:45:00+00:00,66.52,HOLD,0.0,0.0,100.0,4.138233072916667,30.544704861111118,23.349999999999998
2026-04-29 07:00:00+00:00,88.23,HOLD,0.0,0.0,100.0,4.138233072916667,30.544704861111118,23.349999999999998
2026-04-29 07:15:00+00:00,72.14,HOLD,0.0,0.0,100.0,4.138233072916667,30.544704861111118,23.349999999999998
2026-04-29 07:30:00+00:00,37.83,HOLD,0.0,0.0,100.0,4.138233072916667,30.544704861111118,23.349999999999998
2026-04-29 07:45:00+00:00,0.44,HOLD,0.0,0.0,100.0,4.138233072916667,30.544704861111118,23.349999999999998
2026-04-29 08:00:00+00:00,10.8,HOLD,0.0,0.0,100.0,4.138233072916667,30.544704861111118,23.349999999999998
2026-04-29 08:15:00+00:00,1.12,HOLD,0.0,0.0,100.0,4.138233072916667,30.544704861111118,23.349999999999998
2026-04-29 08:30:00+00:00,-0.66,HOLD,0.0,0.0,100.0,4.138233072916667,30.544704861111118,23.349999999999998
2026-04-29 08:45:00+00:00,-7.44,HOLD,0.0,0.0,100.0,4.138233072916667,30.544704861111118,23.349999999999998
2026-04-29 09:00:00+00:00,-4.17,HOLD,0.0,0.0,100.0,4.138233072916667,30.544704861111118,23.349999999999998
2026-04-29 09:15:00+00:00,-3.98,HOLD,0.0,0.0,100.0,4.138233072916667,30.544704861111118,23.349999999999998
2026-04-29 09:30:00+00:00,-8.14,HOLD,0.0,0.0,100.0,4.138233072916667,30.544704861111118,23.349999999999998
2026-04-29 09:45:00+00:00,-16.58,HOLD,0.0,0.0,100.0,4.138233072916667,30.544704861111118,23.349999999999998
2026-04-29 10:00:00+00:00,-16.97,HOLD,0.0,0.0,100.0,4.138233072916667,30.544704861111118,23.349999999999998
2026-04-29 10:15:00+00:00,-26.79,HOLD,0.0,0.0,100.0,4.138233072916667,30.544704861111118,23.349999999999998
2026-04-29 10:30:00+00:00,-32.17,HOLD,0.0,0.0,100.0,4.138233072916667,30.544704861111118,23.349999999999998
2026-04-29 10:45:00+00:00,-44.2,HOLD,0.0,0.0,100.0,4.138233072916667,30.544704861111118,23.349999999999998
2026-04-29 11:00:00+00:00,-45.24,HOLD,0.0,0.0,100.0,4.138233072916667,30.544704861111118,23.349999999999998
2026-04-29 11:15:00+00:00,-52.51,HOLD,0.0,0.0,100.0,4.138233072916667,30.544704861111118,23.349999999999998
2026-04-29 11:30:00+00:00,-58.26,HOLD,0.0,0.0,100.0,4.138233072916667,30.544704861111118,23.349999999999998
2026-04-29 11:45:00+00:00,-64.16,HOLD,0.0,0.0,100.0,4.138233072916667,30.544704861111118,23.349999999999998
2026-04-29 12:00:00+00:00,-58.06,HOLD,0.0,0.0,100.0,4.138233072916667,30.544704861111118,23.349999999999998
2026-04-29 12:15:00+00:00,-52.79,HOLD,0.0,0.0,100.0,4.138233072916667,30.544704861111118,23.349999999999998
2026-04-29 12:30:00+00:00,-47.7,HOLD,0.0,0.0,100.0,4.138233072916667,30.544704861111118,23.349999999999998
2026-04-29 12:45:00+00:00,-44.21,HOLD,0.0,0.0,100.0,4.138233072916667,30.544704861111118,23.349999999999998
2026-04-29 13:00:00+00:00,-45.69,HOLD,0.0,0.0,100.0,4.138233072916667,30.544704861111118,23.349999999999998
2026-04-29 13:15:00+00:00,-35.69,HOLD,0.0,0.0,100.0,4.138233072916667,30.544704861111118,23.349999999999998
2026-04-29 13:30:00+00:00,-29.33,HOLD,0.0,0.0,100.0,4.138233072916667,30.544704861111118,23.349999999999998
2026-04-29 13:45:00+00:00,-18.89,HOLD,0.0,0.0,100.0,4.138233072916667,30.544704861111118,23.349999999999998
2026-04-29 14:00:00+00:00,-24.92,HOLD,0.0,0.0,100.0,4.138233072916667,30.544704861111118,23.349999999999998
2026-04-29 14:15:00+00:00,-11.3,HOLD,0.0,0.0,100.0,4.138233072916667,30.544704861111118,23.349999999999998
2026-04-29 14:30:00+00:00,-4.08,HOLD,0.0,0.0,100.0,4.138233072916667,30.544704861111118,23.349999999999998
2026-04-29 14:45:00+00:00,-0.11,HOLD,0.0,0.0,100.0,4.138233072916667,30.544704861111118,23.349999999999998
2026-04-29 15:00:00+00:00,-2.92,HOLD,0.0,0.0,100.0,4.138233072916667,30.544704861111118,23.349999999999998
2026-04-29 15:15:00+00:00,0.56,HOLD,0.0,0.0,100.0,4.138233072916667,30.544704861111118,23.349999999999998
2026-04-29 15:30:00+00:00,8.32,HOLD,0.0,0.0,100.0,4.138233072916667,30.544704861111118,23.349999999999998
2026-04-29 15:45:00+00:00,59.03,HOLD,0.0,0.0,100.0,4.138233072916667,30.544704861111118,23.349999999999998
2026-04-29 16:00:00+00:00,32.9,HOLD,0.0,0.0,100.0,4.138233072916667,30.544704861111118,23.349999999999998
2026-04-29 16:15:00+00:00,65.23,HOLD,0.0,0.0,100.0,4.138233072916667,30.544704861111118,23.349999999999998
2026-04-29 16:30:00+00:00,84.2,HOLD,0.0,0.0,100.0,4.138233072916667,30.544704861111118,23.349999999999998
2026-04-29 16:45:00+00:00,100.4,HOLD,0.0,0.0,100.0,4.138233072916667,30.544704861111118,23.349999999999998
2026-04-29 17:00:00+00:00,95.36,HOLD,0.0,0.0,100.0,4.138233072916667,30.544704861111118,23.349999999999998
2026-04-29 17:15:00+00:00,94.31,HOLD,0.0,0.0,100.0,4.138233072916667,30.544704861111118,23.349999999999998
2026-04-29 17:30:00+00:00,110.98,HOLD,0.0,0.0,100.0,4.138233072916667,30.544704861111118,23.349999999999998
2026-04-29 17:45:00+00:00,147.52,HOLD,0.0,0.0,100.0,4.138233072916667,30.544704861111118,23.349999999999998
2026-04-29 18:00:00+00:00,138.01,HOLD,0.0,0.0,100.0,4.138233072916667,30.544704861111118,23.349999999999998
2026-04-29 18:15:00+00:00,121.65,HOLD,0.0,0.0,100.0,4.138233072916667,30.544704861111118,23.349999999999998
2026-04-29 18:30:00+00:00,140.69,HOLD,0.0,0.0,100.0,4.138233072916667,30.544704861111118,23.349999999999998
2026-04-29 18:45:00+00:00,135.82,HOLD,0.0,0.0,100.0,4.138233072916667,30.544704861111118,23.349999999999998
2026-04-29 19:00:00+00:00,127.24,HOLD,0.0,0.0,100.0,4.138233072916667,30.544704861111118,23.349999999999998
2026-04-29 19:15:00+00:00,125.74,HOLD,0.0,0.0,100.0,4.138233072916667,30.544704861111118,23.349999999999998
2026-04-29 19:30:00+00:00,115.01,HOLD,0.0,0.0,100.0,4.138233072916667,30.544704861111118,23.349999999999998
2026-04-29 19:45:00+00:00,106.41,HOLD,0.0,0.0,100.0,4.138233072916667,30.544704861111118,23.349999999999998
2026-04-29 20:00:00+00:00,100.4,HOLD,0.0,0.0,100.0,4.138233072916667,30.544704861111118,23.349999999999998
2026-04-29 20:30:00+00:00,97.24,HOLD,0.0,0.0,100.0,4.138233072916667,30.544704861111118,23.349999999999998
2026-04-29 20:45:00+00:00,88.33,HOLD,0.0,0.0,100.0,4.138233072916667,30.544704861111118,23.349999999999998
2026-04-29 21:00:00+00:00,89.13,HOLD,0.0,0.0,100.0,4.138233072916667,30.544704861111118,23.349999999999998
2026-04-29 21:15:00+00:00,85.11,HOLD,0.0,0.0,100.0,4.138233072916667,30.544704861111118,23.349999999999998
2026-04-29 21:30:00+00:00,86.26,HOLD,0.0,0.0,100.0,4.138233072916667,30.544704861111118,23.349999999999998
2026-04-29 21:45:00+00:00,80.74,HOLD,0.0,0.0,100.0,4.138233072916667,30.544704861111118,23.349999999999998
2026-04-29 22:00:00+00:00,85.32,HOLD,0.0,0.0,100.0,4.138233072916667,30.544704861111118,23.349999999999998
2026-04-29 22:15:00+00:00,82.26,HOLD,0.0,0.0,100.0,4.138233072916667,30.544704861111118,23.349999999999998
2026-04-29 22:30:00+00:00,79.55,HOLD,0.0,0.0,100.0,4.138233072916667,30.544704861111118,23.349999999999998
2026-04-29 22:45:00+00:00,75.36,HOLD,0.0,0.0,100.0,4.138233072916667,30.544704861111118,23.349999999999998
2026-04-29 23:00:00+00:00,80.39,HOLD,0.0,0.0,100.0,4.138233072916667,30.544704861111118,23.349999999999998
2026-04-29 23:15:00+00:00,77.59,HOLD,0.0,0.0,100.0,4.138233072916667,30.544704861111118,23.349999999999998
2026-04-29 23:30:00+00:00,78.3,HOLD,0.0,0.0,100.0,4.138233072916667,30.544704861111118,23.349999999999998
2026-04-29 23:45:00+00:00,79.51,HOLD,0.0,0.0,100.0,4.138233072916667,30.544704861111118,23.349999999999998
2026-04-30 00:00:00+00:00,75.2,HOLD,0.0,0.0,100.0,4.138233072916667,30.544704861111118,23.349999999999998
2026-04-30 00:15:00+00:00,76.86,HOLD,0.0,0.0,100.0,4.138233072916667,30.544704861111118,23.349999999999998
2026-04-30 00:30:00+00:00,79.19,HOLD,0.0,0.0,100.0,4.138233072916667,30.544704861111118,23.349999999999998
2026-04-30 00:45:00+00:00,78.26,HOLD,0.0,0.0,100.0,4.138233072916667,30.544704861111118,23.349999999999998
2026-04-30 01:00:00+00:00,74.82,HOLD,0.0,0.0,100.0,4.138233072916667,30.544704861111118,23.349999999999998
2026-04-30 01:15:00+00:00,74.01,HOLD,0.0,0.0,100.0,4.138233072916667,30.544704861111118,23.349999999999998
2026-04-30 01:30:00+00:00,74.21,HOLD,0.0,0.0,100.0,4.138233072916667,30.544704861111118,23.349999999999998
2026-04-30 01:45:00+00:00,75.39,HOLD,0.0,0.0,100.0,4.138233072916667,30.544704861111118,23.349999999999998
2026-04-30 02:00:00+00:00,73.91,HOLD,0.0,0.0,100.0,4.138233072916667,30.544704861111118,23.349999999999998
2026-04-30 02:15:00+00:00,76.26,HOLD,0.0,0.0,100.0,4.138233072916667,30.544704861111118,23.349999999999998
2026-04-30 02:30:00+00:00,81.56,HOLD,0.0,0.0,100.0,4.138233072916667,30.544704861111118,23.349999999999998
2026-04-30 02:45:00+00:00,84.33,HOLD,0.0,0.0,100.0,4.138233072916667,30.544704861111118,23.349999999999998
2026-04-30 03:00:00+00:00,83.38,HOLD,0.0,0.0,100.0,4.138233072916667,30.544704861111118,23.349999999999998
2026-04-30 03:15:00+00:00,85.2,HOLD,0.0,0.0,100.0,4.138233072916667,30.544704861111118,23.349999999999998
2026-04-30 03:30:00+00:00,87.46,HOLD,0.0,0.0,100.0,4.138233072916667,30.544704861111118,23.349999999999998
2026-04-30 03:45:00+00:00,92.09,HOLD,0.0,0.0,100.0,4.138233072916667,30.544704861111118,23.349999999999998
2026-04-30 04:00:00+00:00,81.6,HOLD,0.0,0.0,100.0,4.138233072916667,30.544704861111118,23.349999999999998
2026-04-30 04:15:00+00:00,99.22,HOLD,0.0,0.0,100.0,4.138233072916667,30.544704861111118,23.349999999999998
2026-04-30 04:30:00+00:00,100.18,HOLD,0.0,0.0,100.0,4.138233072916667,30.544704861111118,23.349999999999998
2026-04-30 04:45:00+00:00,84.78,HOLD,0.0,0.0,100.0,4.138233072916667,30.544704861111118,23.349999999999998
2026-04-30 05:00:00+00:00,125.52,HOLD,0.0,0.0,100.0,4.138233072916667,30.544704861111118,23.349999999999998
2026-04-30 05:15:00+00:00,104.96,HOLD,0.0,0.0,100.0,4.138233072916667,30.544704861111118,23.349999999999998
2026-04-30 05:30:00+00:00,91.93,HOLD,0.0,0.0,100.0,4.138233072916667,30.544704861111118,23.349999999999998
2026-04-30 05:45:00+00:00,72.52,HOLD,0.0,0.0,100.0,4.138233072916667,30.544704861111118,23.349999999999998
2026-04-30 06:00:00+00:00,100.58,HOLD,0.0,0.0,100.0,4.138233072916667,30.544704861111118,23.349999999999998
2026-04-30 06:15:00+00:00,88.07,HOLD,0.0,0.0,100.0,4.138233072916667,30.544704861111118,23.349999999999998
2026-04-30 06:30:00+00:00,70.61,HOLD,0.0,0.0,100.0,4.138233072916667,30.544704861111118,23.349999999999998
2026-04-30 06:45:00+00:00,37.97,HOLD,0.0,0.0,100.0,4.138233072916667,30.544704861111118,23.349999999999998
2026-04-30 07:00:00+00:00,80.31,HOLD,0.0,0.0,100.0,4.138233072916667,30.544704861111118,23.349999999999998
2026-04-30 07:15:00+00:00,50.3,HOLD,0.0,0.0,100.0,4.138233072916667,30.544704861111118,23.349999999999998
2026-04-30 07:30:00+00:00,14.66,HOLD,0.0,0.0,100.0,4.138233072916667,30.544704861111118,23.349999999999998
2026-04-30 07:45:00+00:00,0.01,HOLD,0.0,0.0,100.0,4.138233072916667,30.544704861111118,23.349999999999998
2026-04-30 08:00:00+00:00,1.94,HOLD,0.0,0.0,100.0,4.138233072916667,30.544704861111118,23.349999999999998
2026-04-30 08:15:00+00:00,0.0,HOLD,0.0,0.0,100.0,4.138233072916667,30.544704861111118,23.349999999999998
2026-04-30 08:30:00+00:00,-0.08,HOLD,0.0,0.0,100.0,4.138233072916667,30.544704861111118,23.349999999999998
2026-04-30 08:45:00+00:00,-1.87,HOLD,0.0,0.0,100.0,4.138233072916667,30.544704861111118,23.349999999999998
2026-04-30 09:00:00+00:00,-0.25,HOLD,0.0,0.0,100.0,4.138233072916667,30.544704861111118,23.349999999999998
2026-04-30 09:15:00+00:00,-0.92,HOLD,0.0,0.0,100.0,4.138233072916667,30.544704861111118,23.349999999999998
2026-04-30 09:30:00+00:00,-3.38,HOLD,0.0,0.0,100.0,4.138233072916667,30.544704861111118,23.349999999999998
2026-04-30 09:45:00+00:00,-8.48,HOLD,0.0,0.0,100.0,4.138233072916667,30.544704861111118,23.349999999999998
2026-04-30 10:00:00+00:00,-5.51,HOLD,0.0,0.0,100.0,4.138233072916667,30.544704861111118,23.349999999999998
2026-04-30 10:15:00+00:00,-12.5,HOLD,0.0,0.0,100.0,4.138233072916667,30.544704861111118,23.349999999999998
2026-04-30 10:30:00+00:00,-14.72,HOLD,0.0,0.0,100.0,4.138233072916667,30.544704861111118,23.349999999999998
2026-04-30 10:45:00+00:00,-21.63,HOLD,0.0,0.0,100.0,4.138233072916667,30.544704861111118,23.349999999999998
2026-04-30 11:00:00+00:00,-25.39,HOLD,0.0,0.0,100.0,4.138233072916667,30.544704861111118,23.349999999999998
2026-04-30 11:15:00+00:00,-29.28,HOLD,0.0,0.0,100.0,4.138233072916667,30.544704861111118,23.349999999999998
2026-04-30 11:30:00+00:00,-33.81,HOLD,0.0,0.0,100.0,4.138233072916667,30.544704861111118,23.349999999999998
2026-04-30 11:45:00+00:00,-36.52,HOLD,0.0,0.0,100.0,4.138233072916667,30.544704861111118,23.349999999999998
2026-04-30 12:00:00+00:00,-34.34,HOLD,0.0,0.0,100.0,4.138233072916667,30.544704861111118,23.349999999999998
2026-04-30 12:15:00+00:00,-28.3,HOLD,0.0,0.0,100.0,4.138233072916667,30.544704861111118,23.349999999999998
2026-04-30 12:30:00+00:00,-26.69,HOLD,0.0,0.0,100.0,4.138233072916667,30.544704861111118,23.349999999999998
2026-04-30 12:45:00+00:00,-19.99,HOLD,0.0,0.0,100.0,4.138233072916667,30.544704861111118,23.349999999999998
2026-04-30 13:00:00+00:00,-19.58,HOLD,0.0,0.0,100.0,4.138233072916667,30.544704861111118,23.349999999999998
2026-04-30 13:15:00+00:00,-14.11,HOLD,0.0,0.0,100.0,4.138233072916667,30.544704861111118,23.349999999999998
2026-04-30 13:30:00+00:00,-8.87,HOLD,0.0,0.0,100.0,4.138233072916667,30.544704861111118,23.349999999999998
2026-04-30 13:45:00+00:00,-2.68,HOLD,0.0,0.0,100.0,4.138233072916667,30.544704861111118,23.349999999999998
2026-04-30 14:00:00+00:00,-5.51,HOLD,0.0,0.0,100.0,4.138233072916667,30.544704861111118,23.349999999999998
2026-04-30 14:15:00+00:00,-1.27,HOLD,0.0,0.0,100.0,4.138233072916667,30.544704861111118,23.349999999999998
2026-04-30 14:30:00+00:00,-0.57,HOLD,0.0,0.0,100.0,4.138233072916667,30.544704861111118,23.349999999999998
2026-04-30 14:45:00+00:00,0.52,HOLD,0.0,0.0,100.0,4.138233072916667,30.544704861111118,23.349999999999998
2026-04-30 15:00:00+00:00,-1.11,HOLD,0.0,0.0,100.0,4.138233072916667,30.544704861111118,23.349999999999998
2026-04-30 15:15:00+00:00,0.33,HOLD,0.0,0.0,100.0,4.138233072916667,30.544704861111118,23.349999999999998
2026-04-30 15:30:00+00:00,13.7,HOLD,0.0,0.0,100.0,4.138233072916667,30.544704861111118,23.349999999999998
2026-04-30 15:45:00+00:00,55.73,HOLD,0.0,0.0,100.0,4.138233072916667,30.544704861111118,23.349999999999998
2026-04-30 16:00:00+00:00,27.49,HOLD,0.0,0.0,100.0,4.138233072916667,30.544704861111118,23.349999999999998
2026-04-30 16:15:00+00:00,72.82,HOLD,0.0,0.0,100.0,4.138233072916667,30.544704861111118,23.349999999999998
2026-04-30 16:30:00+00:00,90.97,HOLD,0.0,0.0,100.0,4.138233072916667,30.544704861111118,23.349999999999998
2026-04-30 16:45:00+00:00,114.33,HOLD,0.0,0.0,100.0,4.138233072916667,30.544704861111118,23.349999999999998
2026-04-30 17:00:00+00:00,96.48,HOLD,0.0,0.0,100.0,4.138233072916667,30.544704861111118,23.349999999999998
2026-04-30 17:15:00+00:00,103.13,HOLD,0.0,0.0,100.0,4.138233072916667,30.544704861111118,23.349999999999998
2026-04-30 17:30:00+00:00,121.23,HOLD,0.0,0.0,100.0,4.138233072916667,30.544704861111118,23.349999999999998
2026-04-30 17:45:00+00:00,176.3,DISCHARGE,1.25,0.22037500000000002,86.97916666666666,4.358608072916667,30.544704861111118,24.599999999999998
2026-04-30 18:00:00+00:00,117.0,HOLD,0.0,0.0,86.97916666666666,4.358608072916667,30.544704861111118,24.599999999999998
2026-04-30 18:15:00+00:00,143.57,HOLD,0.0,0.0,86.97916666666666,4.358608072916667,30.544704861111118,24.599999999999998
2026-04-30 18:30:00+00:00,157.03,HOLD,0.0,0.0,86.97916666666666,4.358608072916667,30.544704861111118,24.599999999999998
2026-04-30 18:45:00+00:00,154.68,HOLD,0.0,0.0,86.97916666666666,4.358608072916667,30.544704861111118,24.599999999999998
2026-04-30 19:00:00+00:00,140.23,HOLD,0.0,0.0,86.97916666666666,4.358608072916667,30.544704861111118,24.599999999999998
2026-04-30 19:15:00+00:00,125.22,HOLD,0.0,0.0,86.97916666666666,4.358608072916667,30.544704861111118,24.599999999999998
2026-04-30 19:30:00+00:00,103.99,HOLD,0.0,0.0,86.97916666666666,4.358608072916667,30.544704861111118,24.599999999999998
2026-04-30 19:45:00+00:00,96.75,HOLD,0.0,0.0,86.97916666666666,4.358608072916667,30.544704861111118,24.599999999999998
2026-04-30 20:00:00+00:00,120.27,HOLD,0.0,0.0,86.97916666666666,4.358608072916667,30.544704861111118,24.599999999999998
2026-04-30 20:15:00+00:00,107.52,HOLD,0.0,0.0,86.97916666666666,4.358608072916667,30.544704861111118,24.599999999999998
2026-04-30 20:30:00+00:00,109.23,HOLD,0.0,0.0,86.97916666666666,4.358608072916667,30.544704861111118,24.599999999999998
2026-04-30 20:45:00+00:00,102.56,HOLD,0.0,0.0,86.97916666666666,4.358608072916667,30.544704861111118,24.599999999999998
2026-04-30 21:00:00+00:00,108.52,HOLD,0.0,0.0,86.97916666666666,4.358608072916667,30.544704861111118,24.599999999999998
2026-04-30 21:15:00+00:00,102.08,HOLD,0.0,0.0,86.97916666666666,4.358608072916667,30.544704861111118,24.599999999999998
2026-04-30 21:30:00+00:00,102.23,HOLD,0.0,0.0,86.97916666666666,4.358608072916667,30.544704861111118,24.599999999999998
2026-04-30 21:45:00+00:00,93.62,HOLD,0.0,0.0,86.97916666666666,4.358608072916667,30.544704861111118,24.599999999999998
2026-04-30 22:00:00+00:00,109.27,HOLD,0.0,0.0,86.97916666666666,4.358608072916667,30.544704861111118,24.599999999999998
2026-04-30 22:15:00+00:00,92.62,HOLD,0.0,0.0,86.97916666666666,4.358608072916667,30.544704861111118,24.599999999999998
2026-04-30 22:30:00+00:00,90.0,HOLD,0.0,0.0,86.97916666666666,4.358608072916667,30.544704861111118,24.599999999999998
2026-04-30 22:45:00+00:00,83.57,HOLD,0.0,0.0,86.97916666666666,4.358608072916667,30.544704861111118,24.599999999999998
2026-04-30 23:00:00+00:00,93.59,HOLD,0.0,0.0,86.97916666666666,4.358608072916667,30.544704861111118,24.599999999999998
2026-04-30 23:15:00+00:00,88.35,HOLD,0.0,0.0,86.97916666666666,4.358608072916667,30.544704861111118,24.599999999999998
2026-04-30 23:30:00+00:00,90.97,HOLD,0.0,0.0,86.97916666666666,4.358608072916667,30.544704861111118,24.599999999999998
2026-04-30 23:45:00+00:00,85.28,HOLD,0.0,0.0,86.97916666666666,4.358608072916667,30.544704861111118,24.599999999999998
2026-05-01 00:00:00+00:00,90.04,HOLD,0.0,0.0,86.97916666666666,4.358608072916667,30.544704861111118,24.599999999999998
2026-05-01 00:15:00+00:00,85.9,HOLD,0.0,0.0,86.97916666666666,4.358608072916667,30.544704861111118,24.599999999999998
2026-05-01 00:30:00+00:00,83.66,HOLD,0.0,0.0,86.97916666666666,4.358608072916667,30.544704861111118,24.599999999999998
2026-05-01 00:45:00+00:00,82.6,HOLD,0.0,0.0,86.97916666666666,4.358608072916667,30.544704861111118,24.599999999999998
2026-05-01 01:00:00+00:00,80.83,HOLD,0.0,0.0,86.97916666666666,4.358608072916667,30.544704861111118,24.599999999999998
2026-05-01 01:15:00+00:00,82.26,HOLD,0.0,0.0,86.97916666666666,4.358608072916667,30.544704861111118,24.599999999999998
2026-05-01 01:30:00+00:00,84.61,HOLD,0.0,0.0,86.97916666666666,4.358608072916667,30.544704861111118,24.599999999999998
2026-05-01 01:45:00+00:00,85.0,HOLD,0.0,0.0,86.97916666666666,4.358608072916667,30.544704861111118,24.599999999999998
2026-05-01 02:00:00+00:00,81.71,HOLD,0.0,0.0,86.97916666666666,4.358608072916667,30.544704861111118,24.599999999999998
2026-05-01 02:15:00+00:00,81.69,HOLD,0.0,0.0,86.97916666666666,4.358608072916667,30.544704861111118,24.599999999999998
2026-05-01 02:30:00+00:00,79.48,HOLD,0.0,0.0,86.97916666666666,4.358608072916667,30.544704861111118,24.599999999999998
2026-05-01 02:45:00+00:00,82.56,HOLD,0.0,0.0,86.97916666666666,4.358608072916667,30.544704861111118,24.599999999999998
2026-05-01 03:00:00+00:00,82.02,HOLD,0.0,0.0,86.97916666666666,4.358608072916667,30.544704861111118,24.599999999999998
2026-05-01 03:15:00+00:00,86.91,HOLD,0.0,0.0,86.97916666666666,4.358608072916667,30.544704861111118,24.599999999999998
2026-05-01 03:30:00+00:00,90.71,HOLD,0.0,0.0,86.97916666666666,4.358608072916667,30.544704861111118,24.599999999999998
2026-05-01 03:45:00+00:00,80.6,HOLD,0.0,0.0,86.97916666666666,4.358608072916667,30.544704861111118,24.599999999999998
2026-05-01 04:00:00+00:00,107.86,HOLD,0.0,0.0,86.97916666666666,4.358608072916667,30.544704861111118,24.599999999999998
2026-05-01 04:15:00+00:00,106.2,HOLD,0.0,0.0,86.97916666666666,4.358608072916667,30.544704861111118,24.599999999999998
2026-05-01 04:30:00+00:00,105.0,HOLD,0.0,0.0,86.97916666666666,4.358608072916667,30.544704861111118,24.599999999999998
2026-05-01 04:45:00+00:00,83.53,HOLD,0.0,0.0,86.97916666666666,4.358608072916667,30.544704861111118,24.599999999999998
2026-05-01 05:00:00+00:00,115.23,HOLD,0.0,0.0,86.97916666666666,4.358608072916667,30.544704861111118,24.599999999999998
2026-05-01 05:15:00+00:00,88.79,HOLD,0.0,0.0,86.97916666666666,4.358608072916667,30.544704861111118,24.599999999999998
2026-05-01 05:30:00+00:00,64.68,HOLD,0.0,0.0,86.97916666666666,4.358608072916667,30.544704861111118,24.599999999999998
2026-05-01 05:45:00+00:00,31.57,CHARGE,1.25,-0.039462500000000005,98.97916666666666,4.319145572916667,31.794704861111118,24.599999999999998
2026-05-01 06:00:00+00:00,88.16,HOLD,0.0,0.0,98.97916666666666,4.319145572916667,31.794704861111118,24.599999999999998
2026-05-01 06:15:00+00:00,32.68,CHARGE,0.10633680555555598,-0.0034750868055555694,100.0,4.315670486111111,31.901041666666675,24.599999999999998
2026-05-01 06:30:00+00:00,7.66,HOLD,0.0,0.0,100.0,4.315670486111111,31.901041666666675,24.599999999999998
2026-05-01 06:45:00+00:00,0.03,HOLD,0.0,0.0,100.0,4.315670486111111,31.901041666666675,24.599999999999998
2026-05-01 07:00:00+00:00,1.16,HOLD,0.0,0.0,100.0,4.315670486111111,31.901041666666675,24.599999999999998
2026-05-01 07:15:00+00:00,0.0,HOLD,0.0,0.0,100.0,4.315670486111111,31.901041666666675,24.599999999999998
2026-05-01 07:30:00+00:00,-0.01,HOLD,0.0,0.0,100.0,4.315670486111111,31.901041666666675,24.599999999999998
2026-05-01 07:45:00+00:00,-1.25,HOLD,0.0,0.0,100.0,4.315670486111111,31.901041666666675,24.599999999999998
2026-05-01 08:00:00+00:00,-1.37,HOLD,0.0,0.0,100.0,4.315670486111111,31.901041666666675,24.599999999999998
2026-05-01 08:15:00+00:00,-7.95,HOLD,0.0,0.0,100.0,4.315670486111111,31.901041666666675,24.599999999999998
2026-05-01 08:30:00+00:00,-24.84,HOLD,0.0,0.0,100.0,4.315670486111111,31.901041666666675,24.599999999999998
2026-05-01 08:45:00+00:00,-50.03,HOLD,0.0,0.0,100.0,4.315670486111111,31.901041666666675,24.599999999999998
2026-05-01 09:00:00+00:00,-69.49,HOLD,0.0,0.0,100.0,4.315670486111111,31.901041666666675,24.599999999999998
2026-05-01 09:15:00+00:00,-89.93,HOLD,0.0,0.0,100.0,4.315670486111111,31.901041666666675,24.599999999999998
2026-05-01 09:30:00+00:00,-119.13,HOLD,0.0,0.0,100.0,4.315670486111111,31.901041666666675,24.599999999999998
2026-05-01 09:45:00+00:00,-152.9,HOLD,0.0,0.0,100.0,4.315670486111111,31.901041666666675,24.599999999999998
2026-05-01 10:00:00+00:00,-158.82,HOLD,0.0,0.0,100.0,4.315670486111111,31.901041666666675,24.599999999999998
2026-05-01 10:15:00+00:00,-280.13,HOLD,0.0,0.0,100.0,4.315670486111111,31.901041666666675,24.599999999999998
2026-05-01 10:30:00+00:00,-337.65,HOLD,0.0,0.0,100.0,4.315670486111111,31.901041666666675,24.599999999999998
2026-05-01 10:45:00+00:00,-491.92,HOLD,0.0,0.0,100.0,4.315670486111111,31.901041666666675,24.599999999999998
2026-05-01 11:00:00+00:00,-494.81,HOLD,0.0,0.0,100.0,4.315670486111111,31.901041666666675,24.599999999999998
2026-05-01 11:15:00+00:00,-498.76,HOLD,0.0,0.0,100.0,4.315670486111111,31.901041666666675,24.599999999999998
2026-05-01 11:30:00+00:00,-499.29,HOLD,0.0,0.0,100.0,4.315670486111111,31.901041666666675,24.599999999999998
2026-05-01 11:45:00+00:00,-498.76,HOLD,0.0,0.0,100.0,4.315670486111111,31.901041666666675,24.599999999999998
2026-05-01 12:00:00+00:00,-498.88,HOLD,0.0,0.0,100.0,4.315670486111111,31.901041666666675,24.599999999999998
2026-05-01 12:30:00+00:00,-496.72,HOLD,0.0,0.0,100.0,4.315670486111111,31.901041666666675,24.599999999999998
2026-05-01 12:45:00+00:00,-397.46,HOLD,0.0,0.0,100.0,4.315670486111111,31.901041666666675,24.599999999999998
2026-05-01 13:15:00+00:00,-214.28,HOLD,0.0,0.0,100.0,4.315670486111111,31.901041666666675,24.599999999999998
2026-05-01 13:30:00+00:00,-129.12,HOLD,0.0,0.0,100.0,4.315670486111111,31.901041666666675,24.599999999999998
2026-05-01 13:45:00+00:00,-77.41,HOLD,0.0,0.0,100.0,4.315670486111111,31.901041666666675,24.599999999999998
2026-05-01 14:00:00+00:00,-63.47,HOLD,0.0,0.0,100.0,4.315670486111111,31.901041666666675,24.599999999999998
2026-05-01 14:15:00+00:00,-29.74,HOLD,0.0,0.0,100.0,4.315670486111111,31.901041666666675,24.599999999999998
2026-05-01 14:30:00+00:00,-9.83,HOLD,0.0,0.0,100.0,4.315670486111111,31.901041666666675,24.599999999999998
2026-05-01 14:45:00+00:00,-1.18,HOLD,0.0,0.0,100.0,4.315670486111111,31.901041666666675,24.599999999999998
2026-05-01 15:00:00+00:00,-1.54,HOLD,0.0,0.0,100.0,4.315670486111111,31.901041666666675,24.599999999999998
2026-05-01 15:15:00+00:00,-0.13,HOLD,0.0,0.0,100.0,4.315670486111111,31.901041666666675,24.599999999999998
2026-05-01 15:30:00+00:00,0.45,HOLD,0.0,0.0,100.0,4.315670486111111,31.901041666666675,24.599999999999998
2026-05-01 15:45:00+00:00,18.61,HOLD,0.0,0.0,100.0,4.315670486111111,31.901041666666675,24.599999999999998
2026-05-01 16:00:00+00:00,5.05,HOLD,0.0,0.0,100.0,4.315670486111111,31.901041666666675,24.599999999999998
2026-05-01 16:15:00+00:00,71.68,HOLD,0.0,0.0,100.0,4.315670486111111,31.901041666666675,24.599999999999998
2026-05-01 16:30:00+00:00,100.0,HOLD,0.0,0.0,100.0,4.315670486111111,31.901041666666675,24.599999999999998
2026-05-01 16:45:00+00:00,162.54,DISCHARGE,1.25,0.203175,86.97916666666666,4.518845486111111,31.901041666666675,25.849999999999998
2026-05-01 17:00:00+00:00,107.38,HOLD,0.0,0.0,86.97916666666666,4.518845486111111,31.901041666666675,25.849999999999998
2026-05-01 17:15:00+00:00,124.85,HOLD,0.0,0.0,86.97916666666666,4.518845486111111,31.901041666666675,25.849999999999998
2026-05-01 17:30:00+00:00,154.81,HOLD,0.0,0.0,86.97916666666666,4.518845486111111,31.901041666666675,25.849999999999998
2026-05-01 17:45:00+00:00,235.89,DISCHARGE,1.25,0.29486249999999997,73.95833333333333,4.813707986111111,31.901041666666675,27.099999999999998
2026-05-01 18:00:00+00:00,181.51,DISCHARGE,1.25,0.2268875,60.937499999999986,5.040595486111111,31.901041666666675,28.349999999999998
2026-05-01 18:15:00+00:00,180.8,DISCHARGE,1.25,0.226,47.91666666666665,5.266595486111111,31.901041666666675,29.599999999999998
2026-05-01 18:30:00+00:00,180.88,DISCHARGE,1.25,0.2261,34.895833333333314,5.492695486111111,31.901041666666675,30.849999999999998
2026-05-01 18:45:00+00:00,151.83,HOLD,0.0,0.0,34.895833333333314,5.492695486111111,31.901041666666675,30.849999999999998
2026-05-01 19:00:00+00:00,209.3,DISCHARGE,1.25,0.261625,21.874999999999982,5.75432048611111,31.901041666666675,32.099999999999994
2026-05-01 19:15:00+00:00,135.11,HOLD,0.0,0.0,21.874999999999982,5.75432048611111,31.901041666666675,32.099999999999994
2026-05-01 19:30:00+00:00,116.48,HOLD,0.0,0.0,21.874999999999982,5.75432048611111,31.901041666666675,32.099999999999994
2026-05-01 19:45:00+00:00,109.56,HOLD,0.0,0.0,21.874999999999982,5.75432048611111,31.901041666666675,32.099999999999994
2026-05-01 20:00:00+00:00,132.98,HOLD,0.0,0.0,21.874999999999982,5.75432048611111,31.901041666666675,32.099999999999994
2026-05-01 20:15:00+00:00,120.0,HOLD,0.0,0.0,21.874999999999982,5.75432048611111,31.901041666666675,32.099999999999994
2026-05-01 20:30:00+00:00,112.25,HOLD,0.0,0.0,21.874999999999982,5.75432048611111,31.901041666666675,32.099999999999994
2026-05-01 20:45:00+00:00,108.4,HOLD,0.0,0.0,21.874999999999982,5.75432048611111,31.901041666666675,32.099999999999994
2026-05-01 21:00:00+00:00,122.07,HOLD,0.0,0.0,21.874999999999982,5.75432048611111,31.901041666666675,32.099999999999994
2026-05-01 21:15:00+00:00,112.64,HOLD,0.0,0.0,21.874999999999982,5.75432048611111,31.901041666666675,32.099999999999994
2026-05-01 21:30:00+00:00,107.4,HOLD,0.0,0.0,21.874999999999982,5.75432048611111,31.901041666666675,32.099999999999994
2026-05-01 21:45:00+00:00,99.2,HOLD,0.0,0.0,21.874999999999982,5.75432048611111,31.901041666666675,32.099999999999994
2026-05-01 22:00:00+00:00,133.69,HOLD,0.0,0.0,21.874999999999982,5.75432048611111,31.901041666666675,32.099999999999994
2026-05-01 22:15:00+00:00,120.0,HOLD,0.0,0.0,21.874999999999982,5.75432048611111,31.901041666666675,32.099999999999994
2026-05-01 22:30:00+00:00,104.63,HOLD,0.0,0.0,21.874999999999982,5.75432048611111,31.901041666666675,32.099999999999994
2026-05-01 22:45:00+00:00,104.98,HOLD,0.0,0.0,21.874999999999982,5.75432048611111,31.901041666666675,32.099999999999994
2026-05-01 23:00:00+00:00,116.31,HOLD,0.0,0.0,21.874999999999982,5.75432048611111,31.901041666666675,32.099999999999994
2026-05-01 23:15:00+00:00,104.4,HOLD,0.0,0.0,21.874999999999982,5.75432048611111,31.901041666666675,32.099999999999994
2026-05-01 23:30:00+00:00,100.78,HOLD,0.0,0.0,21.874999999999982,5.75432048611111,31.901041666666675,32.099999999999994
2026-05-01 23:45:00+00:00,96.8,HOLD,0.0,0.0,21.874999999999982,5.75432048611111,31.901041666666675,32.099999999999994
2026-05-02 00:00:00+00:00,104.96,HOLD,0.0,0.0,21.874999999999982,5.75432048611111,31.901041666666675,32.099999999999994
2026-05-02 00:15:00+00:00,103.47,HOLD,0.0,0.0,21.874999999999982,5.75432048611111,31.901041666666675,32.099999999999994
2026-05-02 00:30:00+00:00,99.47,HOLD,0.0,0.0,21.874999999999982,5.75432048611111,31.901041666666675,32.099999999999994
2026-05-02 00:45:00+00:00,95.72,HOLD,0.0,0.0,21.874999999999982,5.75432048611111,31.901041666666675,32.099999999999994
2026-05-02 01:00:00+00:00,96.0,HOLD,0.0,0.0,21.874999999999982,5.75432048611111,31.901041666666675,32.099999999999994
2026-05-02 01:15:00+00:00,91.94,HOLD,0.0,0.0,21.874999999999982,5.75432048611111,31.901041666666675,32.099999999999994
2026-05-02 01:30:00+00:00,91.34,HOLD,0.0,0.0,21.874999999999982,5.75432048611111,31.901041666666675,32.099999999999994
2026-05-02 01:45:00+00:00,90.0,HOLD,0.0,0.0,21.874999999999982,5.75432048611111,31.901041666666675,32.099999999999994
2026-05-02 02:00:00+00:00,90.78,HOLD,0.0,0.0,21.874999999999982,5.75432048611111,31.901041666666675,32.099999999999994
2026-05-02 02:15:00+00:00,93.55,HOLD,0.0,0.0,21.874999999999982,5.75432048611111,31.901041666666675,32.099999999999994
2026-05-02 02:30:00+00:00,93.81,HOLD,0.0,0.0,21.874999999999982,5.75432048611111,31.901041666666675,32.099999999999994
2026-05-02 02:45:00+00:00,93.9,HOLD,0.0,0.0,21.874999999999982,5.75432048611111,31.901041666666675,32.099999999999994
2026-05-02 03:00:00+00:00,90.88,HOLD,0.0,0.0,21.874999999999982,5.75432048611111,31.901041666666675,32.099999999999994
2026-05-02 03:15:00+00:00,90.93,HOLD,0.0,0.0,21.874999999999982,5.75432048611111,31.901041666666675,32.099999999999994
2026-05-02 03:30:00+00:00,93.79,HOLD,0.0,0.0,21.874999999999982,5.75432048611111,31.901041666666675,32.099999999999994
2026-05-02 03:45:00+00:00,94.27,HOLD,0.0,0.0,21.874999999999982,5.75432048611111,31.901041666666675,32.099999999999994
2026-05-02 04:00:00+00:00,95.97,HOLD,0.0,0.0,21.874999999999982,5.75432048611111,31.901041666666675,32.099999999999994
2026-05-02 04:15:00+00:00,99.31,HOLD,0.0,0.0,21.874999999999982,5.75432048611111,31.901041666666675,32.099999999999994
2026-05-02 04:30:00+00:00,153.59,HOLD,0.0,0.0,21.874999999999982,5.75432048611111,31.901041666666675,32.099999999999994
2026-05-02 04:45:00+00:00,146.92,HOLD,0.0,0.0,21.874999999999982,5.75432048611111,31.901041666666675,32.099999999999994
2026-05-02 05:00:00+00:00,178.11,DISCHARGE,1.25,0.22263750000000002,8.854166666666647,5.976957986111111,31.901041666666675,33.349999999999994
2026-05-02 05:15:00+00:00,119.01,HOLD,0.0,0.0,8.854166666666647,5.976957986111111,31.901041666666675,33.349999999999994
2026-05-02 05:30:00+00:00,108.5,HOLD,0.0,0.0,8.854166666666647,5.976957986111111,31.901041666666675,33.349999999999994
2026-05-02 05:45:00+00:00,54.92,HOLD,0.0,0.0,8.854166666666647,5.976957986111111,31.901041666666675,33.349999999999994
2026-05-02 06:00:00+00:00,85.17,HOLD,0.0,0.0,8.854166666666647,5.976957986111111,31.901041666666675,33.349999999999994
2026-05-02 06:15:00+00:00,40.17,CHARGE,1.25,-0.0502125,20.854166666666647,5.926745486111111,33.15104166666667,33.349999999999994
2026-05-02 06:30:00+00:00,20.13,CHARGE,1.25,-0.0251625,32.85416666666664,5.90158298611111,34.40104166666667,33.349999999999994
2026-05-02 06:45:00+00:00,4.93,CHARGE,1.25,-0.0061625,44.85416666666664,5.89542048611111,35.65104166666667,33.349999999999994
2026-05-02 07:00:00+00:00,10.36,CHARGE,1.25,-0.01295,56.854166666666636,5.88247048611111,36.90104166666667,33.349999999999994
2026-05-02 07:15:00+00:00,0.57,CHARGE,1.25,-0.0007124999999999999,68.85416666666664,5.8817579861111104,38.15104166666667,33.349999999999994
2026-05-02 07:30:00+00:00,0.0,CHARGE,1.25,-0.0,80.85416666666664,5.8817579861111104,39.40104166666667,33.349999999999994
2026-05-02 07:45:00+00:00,-0.02,CHARGE (NEGATIVE),1.25,2.5e-05,92.85416666666664,5.88178298611111,40.65104166666667,33.349999999999994
2026-05-02 08:00:00+00:00,-0.01,CHARGE (NEGATIVE),0.744357638888892,7.443576388888919e-06,100.0,5.881790429687499,41.395399305555564,33.349999999999994
2026-05-02 08:15:00+00:00,-0.07,HOLD,0.0,0.0,100.0,5.881790429687499,41.395399305555564,33.349999999999994
2026-05-02 08:30:00+00:00,-0.9,HOLD,0.0,0.0,100.0,5.881790429687499,41.395399305555564,33.349999999999994
2026-05-02 08:45:00+00:00,-5.56,HOLD,0.0,0.0,100.0,5.881790429687499,41.395399305555564,33.349999999999994
2026-05-02 09:00:00+00:00,-8.03,HOLD,0.0,0.0,100.0,5.881790429687499,41.395399305555564,33.349999999999994
2026-05-02 09:15:00+00:00,-11.25,HOLD,0.0,0.0,100.0,5.881790429687499,41.395399305555564,33.349999999999994
2026-05-02 09:30:00+00:00,-18.04,HOLD,0.0,0.0,100.0,5.881790429687499,41.395399305555564,33.349999999999994
2026-05-02 09:45:00+00:00,-30.19,HOLD,0.0,0.0,100.0,5.881790429687499,41.395399305555564,33.349999999999994
2026-05-02 10:00:00+00:00,-40.87,HOLD,0.0,0.0,100.0,5.881790429687499,41.395399305555564,33.349999999999994
2026-05-02 10:15:00+00:00,-51.11,HOLD,0.0,0.0,100.0,5.881790429687499,41.395399305555564,33.349999999999994
2026-05-02 10:30:00+00:00,-60.75,HOLD,0.0,0.0,100.0,5.881790429687499,41.395399305555564,33.349999999999994
2026-05-02 10:45:00+00:00,-77.63,HOLD,0.0,0.0,100.0,5.881790429687499,41.395399305555564,33.349999999999994
2026-05-02 11:00:00+00:00,-96.28,HOLD,0.0,0.0,100.0,5.881790429687499,41.395399305555564,33.349999999999994
2026-05-02 11:15:00+00:00,-108.83,HOLD,0.0,0.0,100.0,5.881790429687499,41.395399305555564,33.349999999999994
2026-05-02 11:30:00+00:00,-123.09,HOLD,0.0,0.0,100.0,5.881790429687499,41.395399305555564,33.349999999999994
2026-05-02 11:45:00+00:00,-109.5,HOLD,0.0,0.0,100.0,5.881790429687499,41.395399305555564,33.349999999999994
2026-05-02 12:00:00+00:00,-101.09,HOLD,0.0,0.0,100.0,5.881790429687499,41.395399305555564,33.349999999999994
2026-05-02 12:15:00+00:00,-80.44,HOLD,0.0,0.0,100.0,5.881790429687499,41.395399305555564,33.349999999999994
2026-05-02 12:30:00+00:00,-62.34,HOLD,0.0,0.0,100.0,5.881790429687499,41.395399305555564,33.349999999999994
2026-05-02 12:45:00+00:00,-48.75,HOLD,0.0,0.0,100.0,5.881790429687499,41.395399305555564,33.349999999999994
2026-05-02 13:00:00+00:00,-29.81,HOLD,0.0,0.0,100.0,5.881790429687499,41.395399305555564,33.349999999999994
2026-05-02 13:15:00+00:00,-14.1,HOLD,0.0,0.0,100.0,5.881790429687499,41.395399305555564,33.349999999999994
2026-05-02 13:30:00+00:00,-4.97,HOLD,0.0,0.0,100.0,5.881790429687499,41.395399305555564,33.349999999999994
2026-05-02 13:45:00+00:00,-1.08,HOLD,0.0,0.0,100.0,5.881790429687499,41.395399305555564,33.349999999999994
2026-05-02 14:00:00+00:00,-0.11,HOLD,0.0,0.0,100.0,5.881790429687499,41.395399305555564,33.349999999999994
2026-05-02 14:15:00+00:00,-0.01,HOLD,0.0,0.0,100.0,5.881790429687499,41.395399305555564,33.349999999999994
2026-05-02 14:30:00+00:00,0.0,HOLD,0.0,0.0,100.0,5.881790429687499,41.395399305555564,33.349999999999994
2026-05-02 14:45:00+00:00,0.58,HOLD,0.0,0.0,100.0,5.881790429687499,41.395399305555564,33.349999999999994
2026-05-02 15:00:00+00:00,0.45,HOLD,0.0,0.0,100.0,5.881790429687499,41.395399305555564,33.349999999999994
2026-05-02 15:15:00+00:00,12.96,HOLD,0.0,0.0,100.0,5.881790429687499,41.395399305555564,33.349999999999994
2026-05-02 15:30:00+00:00,135.42,HOLD,0.0,0.0,100.0,5.881790429687499,41.395399305555564,33.349999999999994
2026-05-02 15:45:00+00:00,242.37,DISCHARGE,1.25,0.3029625,86.97916666666666,6.1847529296875,41.395399305555564,34.599999999999994
2026-05-02 16:00:00+00:00,132.65,HOLD,0.0,0.0,86.97916666666666,6.1847529296875,41.395399305555564,34.599999999999994
2026-05-02 16:15:00+00:00,132.27,HOLD,0.0,0.0,86.97916666666666,6.1847529296875,41.395399305555564,34.599999999999994
2026-05-02 16:30:00+00:00,132.35,HOLD,0.0,0.0,86.97916666666666,6.1847529296875,41.395399305555564,34.599999999999994
2026-05-02 16:45:00+00:00,174.16,DISCHARGE,1.25,0.2177,73.95833333333333,6.4024529296875,41.395399305555564,35.849999999999994
2026-05-02 17:00:00+00:00,121.45,HOLD,0.0,0.0,73.95833333333333,6.4024529296875,41.395399305555564,35.849999999999994
2026-05-02 17:15:00+00:00,150.91,HOLD,0.0,0.0,73.95833333333333,6.4024529296875,41.395399305555564,35.849999999999994
2026-05-02 17:30:00+00:00,155.04,HOLD,0.0,0.0,73.95833333333333,6.4024529296875,41.395399305555564,35.849999999999994
2026-05-02 17:45:00+00:00,252.6,DISCHARGE,1.25,0.31575,60.937499999999986,6.7182029296875,41.395399305555564,37.099999999999994
2026-05-02 18:00:00+00:00,180.0,DISCHARGE,1.25,0.225,47.91666666666665,6.9432029296875,41.395399305555564,38.349999999999994
2026-05-02 18:15:00+00:00,202.9,DISCHARGE,1.25,0.253625,34.895833333333314,7.196827929687499,41.395399305555564,39.599999999999994
2026-05-02 18:30:00+00:00,220.2,DISCHARGE,1.25,0.27525,21.874999999999982,7.472077929687499,41.395399305555564,40.849999999999994
2026-05-02 18:45:00+00:00,190.5,DISCHARGE,1.25,0.238125,8.854166666666647,7.710202929687499,41.395399305555564,42.099999999999994
2026-05-02 19:00:00+00:00,209.88,DISCHARGE,0.849999999999998,0.17839799999999958,0.0,7.888600929687499,41.395399305555564,42.949999999999996
2026-05-02 19:15:00+00:00,158.0,HOLD,0.0,0.0,0.0,7.888600929687499,41.395399305555564,42.949999999999996
2026-05-02 19:30:00+00:00,139.49,HOLD,0.0,0.0,0.0,7.888600929687499,41.395399305555564,42.949999999999996
2026-05-02 19:45:00+00:00,148.63,HOLD,0.0,0.0,0.0,7.888600929687499,41.395399305555564,42.949999999999996
2026-05-02 20:00:00+00:00,174.25,HOLD,0.0,0.0,0.0,7.888600929687499,41.395399305555564,42.949999999999996
2026-05-02 20:15:00+00:00,137.49,HOLD,0.0,0.0,0.0,7.888600929687499,41.395399305555564,42.949999999999996
2026-05-02 20:30:00+00:00,131.69,HOLD,0.0,0.0,0.0,7.888600929687499,41.395399305555564,42.949999999999996
2026-05-02 20:45:00+00:00,128.29,HOLD,0.0,0.0,0.0,7.888600929687499,41.395399305555564,42.949999999999996
2026-05-02 21:00:00+00:00,128.73,HOLD,0.0,0.0,0.0,7.888600929687499,41.395399305555564,42.949999999999996
2026-05-02 21:15:00+00:00,123.71,HOLD,0.0,0.0,0.0,7.888600929687499,41.395399305555564,42.949999999999996
2026-05-02 21:30:00+00:00,117.5,HOLD,0.0,0.0,0.0,7.888600929687499,41.395399305555564,42.949999999999996
2026-05-02 21:45:00+00:00,110.0,HOLD,0.0,0.0,0.0,7.888600929687499,41.395399305555564,42.949999999999996
2026-05-02 22:00:00+00:00,124.59,HOLD,0.0,0.0,0.0,7.888600929687499,41.395399305555564,42.949999999999996
2026-05-02 22:15:00+00:00,118.22,HOLD,0.0,0.0,0.0,7.888600929687499,41.395399305555564,42.949999999999996
2026-05-02 22:30:00+00:00,119.46,HOLD,0.0,0.0,0.0,7.888600929687499,41.395399305555564,42.949999999999996
2026-05-02 22:45:00+00:00,114.99,HOLD,0.0,0.0,0.0,7.888600929687499,41.395399305555564,42.949999999999996
2026-05-02 23:00:00+00:00,118.04,HOLD,0.0,0.0,0.0,7.888600929687499,41.395399305555564,42.949999999999996
2026-05-02 23:15:00+00:00,117.64,HOLD,0.0,0.0,0.0,7.888600929687499,41.395399305555564,42.949999999999996
2026-05-02 23:30:00+00:00,115.38,HOLD,0.0,0.0,0.0,7.888600929687499,41.395399305555564,42.949999999999996
2026-05-02 23:45:00+00:00,111.39,HOLD,0.0,0.0,0.0,7.888600929687499,41.395399305555564,42.949999999999996
2026-05-03 00:00:00+00:00,110.9,HOLD,0.0,0.0,0.0,7.888600929687499,41.395399305555564,42.949999999999996
